marker_index,chr,start,end
28,chr1,907518,907808
52,chr1,1001767,1002168
76,chr1,1103125,1103412
77,chr1,1104157,1104626
81,chr1,1115278,1116020
151,chr1,1475043,1475365
152,chr1,1475544,1475842
231,chr1,2064591,2064919
337,chr1,2716777,2717293
338,chr1,2719764,2720187
342,chr1,2776872,2777344
344,chr1,2796093,2796425
346,chr1,2827581,2827933
347,chr1,2827944,2828393
353,chr1,2840077,2840408
354,chr1,2846736,2847320
355,chr1,2850412,2851051
357,chr1,2876247,2876823
359,chr1,2886554,2886968
360,chr1,2896487,2896934
361,chr1,2918273,2918852
362,chr1,2928303,2928716
364,chr1,2938546,2939217
371,chr1,2997260,2997842
372,chr1,3000902,3001228
373,chr1,3007601,3008133
374,chr1,3028130,3028677
375,chr1,3028713,3029170
377,chr1,3036816,3037375
379,chr1,3050737,3051230
380,chr1,3056442,3057051
381,chr1,3058951,3059367
382,chr1,3059417,3059920
383,chr1,3070503,3070886
390,chr1,3094466,3094959
394,chr1,3106700,3107094
395,chr1,3115209,3115645
398,chr1,3128905,3129338
399,chr1,3130385,3130650
400,chr1,3133663,3133957
401,chr1,3140523,3141006
402,chr1,3143582,3144309
403,chr1,3144436,3144810
405,chr1,3147791,3148105
407,chr1,3157187,3157610
409,chr1,3159468,3159745
410,chr1,3160639,3161011
411,chr1,3161966,3162273
412,chr1,3163241,3163810
414,chr1,3182520,3183265
415,chr1,3184334,3184804
416,chr1,3191381,3191983
420,chr1,3210225,3210524
429,chr1,3276313,3276886
430,chr1,3277425,3277723
431,chr1,3289698,3290094
432,chr1,3303201,3303476
433,chr1,3303787,3304231
436,chr1,3315063,3315381
437,chr1,3319164,3319609
438,chr1,3320565,3320954
440,chr1,3330980,3331378
443,chr1,3342478,3342826
445,chr1,3351290,3351715
446,chr1,3352157,3352644
447,chr1,3352730,3353086
448,chr1,3354312,3354567
455,chr1,3401507,3401848
457,chr1,3424254,3424630
466,chr1,3511864,3512343
498,chr1,3672997,3673428
521,chr1,4007951,4008190
523,chr1,4078906,4079386
524,chr1,4087082,4087326
525,chr1,4192548,4193292
526,chr1,4221231,4221716
531,chr1,4735999,4736287
532,chr1,4794812,4795214
533,chr1,4832252,4832693
534,chr1,4841813,4842059
535,chr1,4842372,4842998
536,chr1,5539858,5540235
538,chr1,5561849,5562095
539,chr1,5779063,5779483
542,chr1,5917184,5917633
543,chr1,5917666,5918015
544,chr1,5919603,5920135
545,chr1,5920338,5920614
546,chr1,5922586,5922901
547,chr1,5923005,5923409
548,chr1,5932251,5932778
549,chr1,5937058,5937478
550,chr1,5946228,5946481
551,chr1,5947249,5947584
552,chr1,5950733,5951128
554,chr1,5971849,5972174
569,chr1,6191721,6191979
634,chr1,7111084,7111467
637,chr1,7123091,7123446
670,chr1,8403531,8403812
671,chr1,8403825,8404316
766,chr1,11589739,11590143
767,chr1,11596334,11596678
802,chr1,12600125,12600629
828,chr1,15127580,15128007
829,chr1,15175104,15175456
833,chr1,15374964,15375611
949,chr1,18149499,18149814
950,chr1,18406524,18406912
1006,chr1,20669624,20670075
1024,chr1,21043931,21044427
1112,chr1,24229475,24229782
1189,chr1,26686487,26686960
1206,chr1,27189548,27190188
1326,chr1,32054666,32055106
1330,chr1,32169468,32169968
1342,chr1,32410313,32410778
1367,chr1,32930275,32930644
1374,chr1,33219480,33219787
1480,chr1,37513330,37513590
1482,chr1,37773713,37774003
1592,chr1,41349914,41350506
1625,chr1,43250591,43251353
1759,chr1,47017972,47018419
1768,chr1,47489095,47489643
1774,chr1,47697848,47698226
1778,chr1,47882165,47882422
1779,chr1,47882586,47883036
1785,chr1,47909831,47910339
1786,chr1,47910743,47911119
1791,chr1,47998899,47999263
1792,chr1,48058777,48059454
1806,chr1,50571716,50572043
1808,chr1,50791790,50792311
1813,chr1,50888490,50888926
1814,chr1,50889028,50889610
1895,chr1,54940282,54940802
1931,chr1,59041965,59042375
2007,chr1,66999488,67000029
2033,chr1,70225606,70226030
2034,chr1,70385000,70385550
2044,chr1,72884890,72885280
2056,chr1,75602746,75603025
2069,chr1,77230519,77230937
2173,chr1,91182434,91183151
2180,chr1,91192351,91192903
2182,chr1,91196045,91196588
2204,chr1,92495620,92495977
2244,chr1,95975655,95975955
2293,chr1,108735128,108735434
2349,chr1,110611612,110611923
2362,chr1,111217306,111217885
2391,chr1,113051585,113052267
2436,chr1,115828579,115829710
2485,chr1,119522088,119522525
2486,chr1,119525960,119526537
2487,chr1,119526683,119527256
2488,chr1,119527784,119528264
2489,chr1,119528538,119528948
2490,chr1,119529119,119529460
2491,chr1,119529830,119530244
2492,chr1,119530500,119530802
2493,chr1,119530832,119531222
2494,chr1,119531525,119533025
2495,chr1,119535400,119536164
2497,chr1,119542957,119543436
2498,chr1,119543783,119544429
2499,chr1,119549045,119549412
2552,chr1,146552229,146552652
2556,chr1,146649535,146649951
2566,chr1,147716123,147716635
2570,chr1,147752723,147752992
2576,chr1,147790199,147790906
2584,chr1,148929517,148929840
2585,chr1,148929970,148930320
2622,chr1,150122937,150123246
2656,chr1,151103769,151104467
2692,chr1,151812321,151812810
2707,chr1,152506742,152507022
2711,chr1,152732925,152733495
2712,chr1,152747372,152747662
2714,chr1,152943110,152943452
2720,chr1,153353068,153353436
2722,chr1,153413771,153414040
2728,chr1,153521612,153522009
2776,chr1,154474968,154475369
2883,chr1,156390002,156390340
2904,chr1,156646193,156646846
2926,chr1,157164696,157165234
2927,chr1,157490446,157490856
2930,chr1,157895393,157895849
2948,chr1,159771611,159771958
2952,chr1,159869827,159870426
2976,chr1,160388864,160389474
3023,chr1,161953493,161954082
3036,chr1,163392809,163393199
3041,chr1,164768784,164769190
3049,chr1,165326169,165326445
3060,chr1,166039344,166040018
3064,chr1,166765713,166766152
3070,chr1,166890193,166890536
3071,chr1,166916662,166917367
3073,chr1,167063779,167064191
3074,chr1,167090518,167090857
3128,chr1,171640002,171640487
3132,chr1,171810005,171810670
3133,chr1,171810678,171811072
3141,chr1,173638944,173639235
3157,chr1,175048653,175048973
3159,chr1,175355112,175355462
3165,chr1,176998605,176999134
3188,chr1,179555535,179555762
3220,chr1,181382539,181383034
3224,chr1,181767509,181767874
3241,chr1,183155266,183155744
3265,chr1,190067953,190068280
3287,chr1,197881903,197882569
3293,chr1,198918165,198918561
3320,chr1,201195931,201196297
3380,chr1,203192417,203192820
3392,chr1,203598473,203599189
3429,chr1,205210599,205211053
3434,chr1,205326337,205326741
3457,chr1,205898342,205898743
3489,chr1,207818295,207818593
3490,chr1,207818596,207818993
3561,chr1,213123786,213124065
3661,chr1,223538074,223538479
3662,chr1,223538501,223538727
3681,chr1,224803953,224804496
3708,chr1,226411615,226412054
3716,chr1,226825335,226825706
3717,chr1,226829396,226829876
3742,chr1,228112706,228113307
3749,chr1,228246532,228247235
3776,chr1,228473604,228474080
3777,chr1,228503593,228503982
3779,chr1,228509280,228509862
3782,chr1,228558887,228559421
3837,chr1,231176885,231177301
3841,chr1,231298510,231298858
3866,chr1,234367045,234367686
3920,chr1,236849842,236850094
3922,chr1,236902552,236902865
3928,chr1,237144555,237145095
3932,chr1,237729817,237730149
3934,chr1,238024363,238024771
3939,chr1,240070875,240071363
3940,chr1,240071623,240072066
3948,chr1,240874757,240875046
3949,chr1,240986412,240986998
3950,chr1,241520186,241520431
3959,chr1,242161680,242161981
3960,chr1,242220201,242220638
3999,chr1,245534721,245535031
4001,chr1,245727027,245727758
4002,chr1,245740939,245741303
4003,chr1,245753202,245753735
4041,chr1,247614554,247615043
4047,chr1,248004786,248005456
4048,chr1,248020231,248020912
4051,chr1,248300155,248300579
4065,chr2,264020,264304
4071,chr2,363975,364426
4072,chr2,364990,365332
4074,chr2,381990,382456
4076,chr2,390960,391476
4077,chr2,392542,392973
4078,chr2,394015,394672
4079,chr2,397607,397881
4080,chr2,421359,421761
4084,chr2,451669,452032
4085,chr2,466612,467235
4088,chr2,469627,469890
4089,chr2,496613,497517
4090,chr2,502965,503483
4091,chr2,503572,503876
4092,chr2,521992,522486
4096,chr2,582444,582804
4097,chr2,583015,583484
4098,chr2,583772,584075
4100,chr2,594280,594712
4101,chr2,619944,620410
4113,chr2,748434,748703
4115,chr2,778568,778831
4116,chr2,794546,794863
4117,chr2,796259,796636
4118,chr2,863789,864046
4119,chr2,866767,867219
4120,chr2,875796,876090
4121,chr2,879364,879663
4122,chr2,881887,882328
4123,chr2,905944,906527
4124,chr2,911595,911971
4125,chr2,925738,926110
4126,chr2,928573,929058
4130,chr2,1105492,1105760
4131,chr2,1133765,1134165
4133,chr2,1204635,1204979
4134,chr2,1234287,1234856
4135,chr2,1238217,1238526
4136,chr2,1276673,1276924
4138,chr2,1287687,1288078
4139,chr2,1291310,1291594
4140,chr2,1311470,1311955
4141,chr2,1358413,1358830
4142,chr2,1377654,1378135
4143,chr2,1417009,1417531
4144,chr2,1424935,1425419
4145,chr2,1425968,1426428
4146,chr2,1426574,1426945
4148,chr2,1482738,1483063
4149,chr2,1488075,1488414
4150,chr2,1488416,1488738
4151,chr2,1497715,1498238
4152,chr2,1500017,1500468
4153,chr2,1507594,1507932
4154,chr2,1515961,1516452
4155,chr2,1543896,1544220
4156,chr2,1544221,1544574
4159,chr2,1605790,1606116
4160,chr2,1606910,1607304
4163,chr2,1624916,1625425
4164,chr2,1647085,1647360
4167,chr2,1668658,1669172
4168,chr2,1682248,1682512
4170,chr2,1690962,1691284
4176,chr2,1795976,1796328
4178,chr2,1820069,1820533
4179,chr2,1827632,1827864
4180,chr2,1842760,1843284
4181,chr2,1846347,1847007
4184,chr2,1879720,1880231
4185,chr2,1885986,1886227
4186,chr2,1895543,1896061
4188,chr2,1926266,1927007
4189,chr2,1932896,1933312
4190,chr2,1940891,1941347
4191,chr2,1942714,1943042
4193,chr2,2190018,2190378
4194,chr2,2193411,2193765
4195,chr2,2295351,2295686
4196,chr2,2581185,2581657
4197,chr2,2605298,2605694
4199,chr2,2672567,2672881
4200,chr2,2692754,2693044
4203,chr2,2732433,2732724
4204,chr2,2735823,2736244
4206,chr2,2799270,2799715
4207,chr2,2829623,2829859
4209,chr2,3063015,3063771
4210,chr2,3063798,3064202
4211,chr2,3104916,3105237
4214,chr2,3129747,3130014
4281,chr2,3714178,3714479
4282,chr2,3714836,3715183
4283,chr2,3718025,3718315
4287,chr2,3826510,3827080
4288,chr2,3888290,3888535
4289,chr2,4050595,4050945
4290,chr2,4183431,4183744
4291,chr2,4600847,4601153
4294,chr2,4930904,4931215
4295,chr2,5584357,5584714
4300,chr2,5896373,5896649
4302,chr2,6072644,6073081
4304,chr2,6122698,6122914
4305,chr2,6635491,6636616
4315,chr2,7464844,7465287
4326,chr2,8723806,8724160
4398,chr2,11102012,11102288
4461,chr2,18059003,18059300
4463,chr2,18112621,18112984
4472,chr2,20068602,20069006
4517,chr2,24299961,24300342
4551,chr2,26395259,26395656
4562,chr2,26624350,26625147
4572,chr2,26947026,26947334
4604,chr2,27529688,27530253
4634,chr2,28718370,28718771
4637,chr2,29033099,29033452
4638,chr2,29033680,29034152
4666,chr2,33952323,33952773
4667,chr2,33953095,33953537
4701,chr2,39187433,39187643
4741,chr2,43864813,43865155
4759,chr2,45159794,45160654
4765,chr2,45169347,45169781
4766,chr2,45171483,45171918
4773,chr2,45231126,45231567
4778,chr2,45240908,45241322
4813,chr2,48844628,48845168
4815,chr2,49143138,49143634
4878,chr2,60812405,60812853
4910,chr2,63279395,63279793
4911,chr2,63280969,63281483
4912,chr2,63281744,63282311
4913,chr2,63282602,63283113
4914,chr2,63283706,63284232
4915,chr2,63284381,63284884
4970,chr2,68672638,68672934
5010,chr2,70933226,70933602
5048,chr2,73152572,73153075
5080,chr2,74425412,74426034
5109,chr2,74875127,74875648
5136,chr2,81694196,81694708
5206,chr2,88751956,88752422
5283,chr2,97651403,97651865
5307,chr2,98993514,98993830
5308,chr2,99013028,99013509
5318,chr2,99553306,99553930
5336,chr2,101009689,101010137
5337,chr2,101034157,101034379
5338,chr2,101042898,101043310
5339,chr2,101086656,101087063
5369,chr2,105118447,105118679
5378,chr2,105471860,105472079
5404,chr2,106681731,106682098
5415,chr2,107201889,107202411
5416,chr2,107459561,107459960
5506,chr2,119067452,119068107
5546,chr2,121200415,121200949
5551,chr2,121371742,121372201
5560,chr2,121554572,121555026
5563,chr2,121684367,121684776
5564,chr2,121708406,121708656
5565,chr2,121735581,121736238
5566,chr2,121742061,121742495
5567,chr2,121748115,121748357
5580,chr2,123418622,123418887
5588,chr2,127635514,127635778
5593,chr2,127782452,127782913
5594,chr2,127782982,127783470
5644,chr2,129547907,129548548
5689,chr2,132415399,132415849
5699,chr2,133035919,133036294
5741,chr2,139660049,139660441
5754,chr2,147344814,147345437
5797,chr2,157176871,157177172
5798,chr2,157178547,157178989
5831,chr2,160760985,160761722
5895,chr2,171572614,171573002
5914,chr2,172944958,172945483
5926,chr2,172974530,172974919
5938,chr2,174219109,174219634
5941,chr2,174229492,174229828
5956,chr2,175208488,175208861
5974,chr2,176931443,176931964
5980,chr2,176948444,176949117
6004,chr2,176987061,176987705
6009,chr2,176994042,176994864
6010,chr2,176997177,176997604
6015,chr2,177012017,177012806
6024,chr2,177025759,177026098
6028,chr2,177030050,177030328
6160,chr2,198651203,198651676
6165,chr2,200326491,200326825
6166,chr2,200329386,200329972
6167,chr2,200331817,200332125
6170,chr2,200335458,200335974
6233,chr2,206551112,206551566
6244,chr2,207138966,207139571
6263,chr2,208989109,208989679
6301,chr2,216878240,216878610
6339,chr2,219252433,219252714
6396,chr2,220174101,220174351
6409,chr2,220309538,220309918
6489,chr2,228881514,228881842
6615,chr2,236100588,236100851
6662,chr2,237076064,237076597
6663,chr2,237076626,237076915
6671,chr2,237119969,237120413
6673,chr2,237172509,237173221
6681,chr2,238065152,238065750
6683,chr2,238274345,238274637
6684,chr2,238280414,238280826
6685,chr2,238289716,238289997
6686,chr2,238296228,238296613
6687,chr2,238322174,238322434
6689,chr2,238360010,238360301
6741,chr2,239494953,239495308
6742,chr2,239542139,239542560
6743,chr2,239625115,239625467
6744,chr2,239695452,239695768
6746,chr2,239799620,239800054
6747,chr2,239847397,239847750
6748,chr2,239889257,239889595
6749,chr2,239925620,239925880
6750,chr2,239930634,239931111
6751,chr2,239948517,239948989
6793,chr2,240143698,240144079
6821,chr2,240405603,240406080
6823,chr2,240428053,240428435
6824,chr2,240428743,240429113
6827,chr2,240582333,240582729
6828,chr2,240600298,240600575
6830,chr2,240649918,240650558
6832,chr2,240697349,240697819
6833,chr2,240725208,240725644
6856,chr2,241262926,241263167
6857,chr2,241263980,241264361
6870,chr2,241497312,241497946
6885,chr2,241569457,241569946
6887,chr2,241585733,241585988
6892,chr2,241667429,241667831
6995,chr2,242810648,242811027
7028,chr3,2552985,2553287
7029,chr3,3080097,3080438
7033,chr3,3840233,3840614
7060,chr3,8809206,8809815
7071,chr3,9594051,9594485
7072,chr3,9642368,9642730
7127,chr3,11178493,11178898
7143,chr3,11939740,11940121
7157,chr3,12856550,12856962
7183,chr3,13611651,13612534
7185,chr3,13678818,13679359
7190,chr3,13895892,13896356
7200,chr3,14615267,14615679
7240,chr3,19987428,19987915
7266,chr3,26387927,26388172
7345,chr3,38080535,38081025
7491,chr3,46939878,46940539
7561,chr3,49314270,49315020
7581,chr3,49756201,49757576
7590,chr3,49941276,49941713
7699,chr3,53190493,53190863
7708,chr3,53529044,53529755
7718,chr3,54067844,54068119
7793,chr3,63082285,63082713
7822,chr3,66848508,66848865
7829,chr3,68057206,68057457
7846,chr3,70901319,70901628
7876,chr3,75263519,75263791
7888,chr3,77146970,77147464
7896,chr3,82856926,82857385
7949,chr3,101497679,101498082
7998,chr3,112358251,112358753
8021,chr3,113957803,113958226
8033,chr3,116745321,116745674
8044,chr3,119041104,119041629
8064,chr3,120004086,120004583
8084,chr3,121980583,121980942
8092,chr3,122296269,122296878
8116,chr3,123813091,123813696
8128,chr3,125075795,125076580
8136,chr3,125474860,125475160
8142,chr3,125775313,125775796
8189,chr3,127634088,127634687
8208,chr3,128294870,128295241
8242,chr3,129324401,129324817
8254,chr3,129982735,129983189
8309,chr3,136538501,136539213
8324,chr3,137717480,137717765
8347,chr3,138665554,138666573
8350,chr3,138679247,138679678
8367,chr3,140660235,140660848
8399,chr3,142837895,142838182
8401,chr3,142839737,142840340
8419,chr3,147098295,147098685
8420,chr3,147105799,147106308
8421,chr3,147106389,147106735
8426,chr3,147113600,147114018
8433,chr3,147136804,147137603
8436,chr3,147141032,147141386
8555,chr3,166528550,166528904
8613,chr3,172858817,172859149
8632,chr3,179168577,179168898
8640,chr3,180042384,180042978
8643,chr3,180546272,180546557
8644,chr3,180547322,180548032
8653,chr3,181438022,181438428
8755,chr3,185911419,185911985
8823,chr3,193987326,193987857
8842,chr3,194408745,194409065
8850,chr3,194826311,194826685
8864,chr3,195491763,195492045
8961,chr4,330551,330965
8964,chr4,380057,380629
8975,chr4,581572,582037
8976,chr4,618014,618649
8977,chr4,619062,619492
8979,chr4,642591,642985
8994,chr4,682960,683340
9016,chr4,779380,779980
9021,chr4,827998,828381
9059,chr4,995749,996380
9070,chr4,1046721,1047197
9075,chr4,1107395,1107820
9076,chr4,1148356,1148669
9136,chr4,1407492,1408089
9138,chr4,1495670,1496033
9139,chr4,1496193,1496511
9140,chr4,1496722,1497323
9141,chr4,1504381,1504754
9144,chr4,1535559,1535829
9145,chr4,1537522,1537899
9146,chr4,1541496,1541967
9147,chr4,1543532,1543932
9151,chr4,1561920,1562353
9152,chr4,1563532,1563847
9160,chr4,1600431,1600928
9161,chr4,1604356,1604676
9175,chr4,1685342,1685655
9210,chr4,2060012,2060413
9338,chr4,3643304,3644059
9339,chr4,3651133,3651571
9340,chr4,3663874,3664571
9341,chr4,3670967,3671797
9342,chr4,3685209,3685975
9344,chr4,3691138,3691497
9345,chr4,3692275,3692812
9347,chr4,3713109,3713387
9349,chr4,3735866,3736142
9352,chr4,3748054,3748447
9370,chr4,4199352,4199691
9377,chr4,4379536,4379787
9383,chr4,4405744,4406300
9413,chr4,5458453,5458921
9420,chr4,5830038,5830474
9425,chr4,5894823,5895198
9427,chr4,5975963,5976257
9429,chr4,6024755,6025055
9435,chr4,6114398,6114799
9436,chr4,6123195,6123480
9443,chr4,6324913,6325356
9448,chr4,6380134,6380589
9449,chr4,6380603,6381083
9450,chr4,6423183,6423471
9453,chr4,6540349,6540688
9575,chr4,8346038,8346374
9576,chr4,8347377,8347932
9600,chr4,8588616,8589029
9602,chr4,8602456,8602719
9603,chr4,8602912,8603230
9604,chr4,8608135,8608586
9606,chr4,8617638,8618010
9607,chr4,8621126,8621461
9608,chr4,8642206,8642469
9614,chr4,8692728,8693035
9615,chr4,8702179,8702635
9626,chr4,9782791,9783498
9642,chr4,11652341,11652605
9643,chr4,12539767,12540112
9677,chr4,16085503,16085914
9698,chr4,19456940,19457263
9737,chr4,26491863,26492588
9743,chr4,27058259,27058599
9798,chr4,40751617,40752251
9801,chr4,40858865,40859444
9805,chr4,41258690,41259144
9815,chr4,41868986,41869711
9816,chr4,41875370,41875975
9818,chr4,41880887,41881517
9819,chr4,41882464,41883272
9824,chr4,42122006,42122261
9846,chr4,47427652,47428004
9858,chr4,48484897,48485428
9859,chr4,48485987,48486572
9860,chr4,48491841,48492444
9877,chr4,53727614,53728138
9878,chr4,53728823,53729156
9890,chr4,54975794,54976284
9902,chr4,56458083,56458722
9910,chr4,57181152,57181618
9914,chr4,57371268,57372027
9915,chr4,57372256,57372697
9983,chr4,76555447,76556142
10018,chr4,79102607,79103390
10025,chr4,79971077,79971562
10026,chr4,80246613,80247381
10027,chr4,80329184,80329733
10036,chr4,81124384,81124867
10121,chr4,93103672,93104112
10139,chr4,96760845,96761896
10193,chr4,108853104,108853589
10250,chr4,113444195,113444472
10317,chr4,126238157,126238522
10319,chr4,128391440,128391942
10320,chr4,128544155,128544767
10342,chr4,135248086,135248467
10343,chr4,135248501,135248722
10344,chr4,135865298,135865684
10345,chr4,135873811,135874216
10349,chr4,139481651,139482117
10351,chr4,139609865,139610288
10466,chr4,155056778,155057045
10502,chr4,163905824,163906226
10507,chr4,164394586,164395387
10512,chr4,165850872,165851286
10590,chr4,183244961,183245489
10591,chr4,183247032,183247334
10594,chr4,183710244,183710573
10595,chr4,183713368,183713702
10596,chr4,183714272,183714517
10685,chr4,187026610,187027070
10694,chr4,187404823,187405088
10725,chr4,187984312,187984818
10730,chr4,188097583,188098067
10736,chr4,188895290,188895521
10738,chr4,188924512,188924852
10742,chr4,189026558,189026960
10744,chr4,189060800,189061257
10745,chr4,189080899,189081346
10746,chr4,189157922,189158187
10750,chr4,189257968,189258448
10751,chr4,189333038,189333549
10754,chr4,189602061,189602336
10756,chr4,189956691,189957057
10758,chr4,190474900,190475237
10759,chr4,190529220,190529581
10769,chr5,139739,140518
10770,chr5,154961,155299
10771,chr5,181626,182128
10792,chr5,343827,344318
10794,chr5,404578,405096
10797,chr5,427520,427941
10798,chr5,434777,435140
10812,chr5,495002,495405
10815,chr5,500102,500665
10822,chr5,537249,538006
10823,chr5,538296,538802
10827,chr5,601375,601668
10875,chr5,1016179,1016560
10925,chr5,1217476,1217897
10926,chr5,1218407,1218753
10928,chr5,1224974,1225819
10932,chr5,1232823,1233220
10935,chr5,1243614,1244049
10936,chr5,1253733,1254148
10938,chr5,1256934,1257321
10940,chr5,1258816,1259094
10941,chr5,1264335,1264668
10943,chr5,1269892,1270252
10959,chr5,1359379,1359791
10961,chr5,1363799,1364179
10967,chr5,1394196,1394733
10968,chr5,1395056,1395455
10969,chr5,1409673,1410190
10970,chr5,1416693,1417103
10971,chr5,1438068,1438631
11006,chr5,1702281,1702677
11007,chr5,1706217,1706484
11010,chr5,1727697,1728144
11011,chr5,1729037,1729356
11012,chr5,1729675,1730031
11014,chr5,1749001,1749442
11016,chr5,1752568,1752964
11017,chr5,1761003,1761453
11018,chr5,1769285,1769730
11019,chr5,1786571,1786904
11030,chr5,1834315,1834782
11031,chr5,1835523,1835874
11032,chr5,1836469,1836893
11033,chr5,1839186,1839731
11034,chr5,1840081,1840447
11037,chr5,1855799,1856060
11038,chr5,1859664,1859949
11039,chr5,1860035,1860642
11041,chr5,1865401,1865943
11042,chr5,1866020,1866563
11044,chr5,1868539,1868838
11049,chr5,1882675,1883111
11054,chr5,1891595,1891983
11055,chr5,1922811,1923222
11057,chr5,1938449,1938719
11058,chr5,1948775,1949377
11059,chr5,1950112,1950475
11060,chr5,1950601,1951128
11061,chr5,1962211,1962654
11062,chr5,1983558,1983899
11066,chr5,2066534,2066811
11069,chr5,2103063,2103537
11070,chr5,2112009,2112661
11071,chr5,2129667,2130041
11073,chr5,2169629,2169915
11074,chr5,2180152,2180605
11075,chr5,2186559,2187104
11076,chr5,2206690,2207276
11077,chr5,2223421,2223832
11079,chr5,2252778,2253342
11080,chr5,2334302,2334614
11081,chr5,2338738,2339200
11082,chr5,2387726,2388138
11083,chr5,2442858,2443173
11084,chr5,2537396,2538006
11085,chr5,2547152,2547410
11086,chr5,2564414,2564851
11087,chr5,2633377,2633813
11089,chr5,2668471,2668929
11092,chr5,2702238,2702610
11093,chr5,2703038,2703495
11094,chr5,2708418,2708778
11095,chr5,2726003,2726410
11099,chr5,2751722,2751972
11106,chr5,2866667,2866977
11107,chr5,2890168,2890432
11110,chr5,3058942,3059343
11115,chr5,3187966,3188474
11116,chr5,3213034,3213314
11119,chr5,3346679,3346921
11120,chr5,3386372,3387175
11123,chr5,3535736,3536379
11131,chr5,3736518,3736916
11132,chr5,3768003,3768281
11135,chr5,3823285,3823610
11136,chr5,3853554,3853834
11138,chr5,3932045,3932333
11139,chr5,3962210,3962577
11140,chr5,4100990,4101290
11141,chr5,4101353,4101636
11142,chr5,4116407,4116683
11143,chr5,4207589,4207966
11144,chr5,4230402,4230667
11146,chr5,4644204,4644521
11148,chr5,4941228,4941567
11160,chr5,6337308,6337620
11161,chr5,6347890,6348354
11162,chr5,6349300,6349755
11164,chr5,6411186,6411610
11187,chr5,7826745,7827233
11188,chr5,7849970,7850538
11191,chr5,7983494,7983965
11194,chr5,8620910,8621321
11195,chr5,8839650,8840068
11250,chr5,16670726,16671181
11252,chr5,16737872,16738418
11253,chr5,16741920,16742279
11254,chr5,16784675,16785235
11255,chr5,16794697,16794982
11262,chr5,17275683,17276097
11263,chr5,17354404,17354774
11264,chr5,17491369,17491704
11268,chr5,20305476,20306035
11273,chr5,23507350,23507852
11276,chr5,25909353,25909733
11278,chr5,26669188,26669470
11279,chr5,26669510,26669982
11283,chr5,31323007,31323397
11288,chr5,31796546,31796826
11291,chr5,31908308,31908612
11304,chr5,32713012,32713564
11342,chr5,37834572,37835268
11346,chr5,37952347,37952744
11385,chr5,42944167,42944594
11387,chr5,42950895,42951446
11388,chr5,42951835,42952469
11393,chr5,43018182,43018729
11425,chr5,50218776,50219327
11457,chr5,54516272,54516638
11473,chr5,55529024,55529475
11575,chr5,72526037,72526596
11583,chr5,72677623,72677986
11614,chr5,76012491,76012927
11624,chr5,76931916,76932162
11635,chr5,77253278,77253655
11636,chr5,77253733,77254090
11638,chr5,77269121,77269442
11664,chr5,79866219,79866531
11667,chr5,80255987,80256266
11668,chr5,80256271,80256838
11694,chr5,87440021,87440396
11695,chr5,87441187,87441754
11728,chr5,92684037,92684512
11737,chr5,92938049,92938502
11768,chr5,97727813,97728281
11775,chr5,99381740,99382244
11784,chr5,101834265,101834880
11809,chr5,110406314,110406761
11824,chr5,112073248,112073869
11833,chr5,112770103,112770821
11874,chr5,118964993,118965447
11879,chr5,121187345,121187698
11903,chr5,122971659,122972051
11905,chr5,124070889,124071207
11927,chr5,127872667,127873811
11936,chr5,130330687,130331191
12009,chr5,134363224,134364073
12012,chr5,134374593,134375157
12028,chr5,134880253,134880680
12031,chr5,134990462,134990906
12036,chr5,135266409,135266996
12098,chr5,139047905,139048248
12110,chr5,139525819,139526326
12207,chr5,140753315,140754024
12222,chr5,140797072,140797386
12224,chr5,140800298,140801083
12225,chr5,140801186,140801582
12229,chr5,140809951,140811412
12232,chr5,140864176,140864934
12238,chr5,141030888,141031543
12363,chr5,150911053,150911550
12373,chr5,151784151,151784541
12412,chr5,157078473,157078981
12419,chr5,158478433,158478834
12464,chr5,164027994,164028407
12473,chr5,167956206,167956681
12474,chr5,167956719,167957146
12476,chr5,168174589,168175035
12477,chr5,168195073,168195560
12478,chr5,168271513,168272151
12485,chr5,169064351,169064760
12486,chr5,169532586,169533220
12487,chr5,169659518,169660050
12491,chr5,169780647,169781016
12498,chr5,170735921,170736672
12556,chr5,172982257,172982739
12567,chr5,173738061,173738579
12580,chr5,175108169,175108529
12582,chr5,175199815,175200171
12615,chr5,176160470,176160809
12619,chr5,176270630,176271036
12620,chr5,176292436,176292707
12623,chr5,176304888,176305177
12624,chr5,176307643,176308236
12625,chr5,176314131,176314837
12634,chr5,176543690,176544235
12635,chr5,176559781,176560365
12680,chr5,177482600,177482929
12693,chr5,177697300,177697769
12703,chr5,177980591,177981044
12704,chr5,178003912,178004304
12718,chr5,178415844,178416234
12724,chr5,178565621,178566037
12727,chr5,178621903,178622220
12728,chr5,178650974,178651619
12730,chr5,178684316,178684758
12731,chr5,178687680,178688084
12733,chr5,178741105,178741474
12736,chr5,178800178,178800455
12737,chr5,178801232,178801912
12739,chr5,178835785,178836080
12740,chr5,178854402,178854858
12773,chr5,179565249,179565644
12775,chr5,179597295,179597626
12776,chr5,179621402,179621834
12782,chr5,179743486,179743982
12784,chr5,179763332,179764051
12794,chr5,180028558,180028918
12795,chr5,180036177,180036546
12796,chr5,180047084,180047507
12797,chr5,180055750,180056140
12798,chr5,180071609,180072030
12814,chr5,180527269,180527797
12815,chr5,180540947,180541418
12840,chr6,230808,231059
12845,chr6,347998,348423
12847,chr6,361923,362195
12849,chr6,363872,364168
12853,chr6,391564,392231
12856,chr6,436805,437069
12858,chr6,466793,467415
12875,chr6,792412,792878
12876,chr6,793352,793712
12890,chr6,1408510,1408785
12894,chr6,1515424,1515897
12898,chr6,1581640,1581979
12909,chr6,1611612,1611950
12912,chr6,1624878,1625338
12931,chr6,2697901,2698137
12991,chr6,4482783,4483178
12993,chr6,4774963,4775322
13001,chr6,5026064,5026652
13022,chr6,6058313,6058763
13080,chr6,10425453,10425748
13084,chr6,10494686,10495099
13118,chr6,12718270,12718630
13186,chr6,19143984,19144266
13208,chr6,22294611,22294929
13212,chr6,24357620,24358085
13213,chr6,24358136,24358427
13215,chr6,24360056,24360491
13292,chr6,26234961,26235799
13293,chr6,26240207,26240679
13294,chr6,26240682,26241039
13296,chr6,26250247,26251036
13297,chr6,26252000,26252365
13298,chr6,26271093,26271927
13301,chr6,26284766,26285113
13317,chr6,26550683,26551110
13343,chr6,27182808,27183076
13349,chr6,27236224,27236966
13361,chr6,27463012,27463447
13384,chr6,27774765,27775142
13388,chr6,27782809,27783431
13398,chr6,27858179,27858737
13493,chr6,28956126,28957089
13506,chr6,29079839,29080537
13508,chr6,29274421,29275437
13510,chr6,29342422,29342924
13511,chr6,29364318,29365387
13512,chr6,29394338,29395525
13522,chr6,29520427,29521903
13528,chr6,29570407,29570881
13529,chr6,29571263,29571583
13530,chr6,29572119,29572479
13532,chr6,29574600,29575245
13533,chr6,29576718,29577448
13537,chr6,29580796,29581328
13542,chr6,29589315,29590243
13543,chr6,29590866,29591255
13586,chr6,29795715,29796224
13640,chr6,30080089,30081068
13641,chr6,30094847,30095902
13822,chr6,30908479,30908839
13834,chr6,30955258,30955525
13837,chr6,30956114,30956896
13848,chr6,31079455,31079798
13924,chr6,31510629,31511114
14109,chr6,32011406,32011787
14117,chr6,32021054,32021600
14123,chr6,32027279,32027766
14130,chr6,32036079,32038330
14131,chr6,32038647,32039058
14212,chr6,32171686,32172251
14221,chr6,32184729,32185440
14223,chr6,32187129,32187762
14224,chr6,32187818,32188504
14225,chr6,32188595,32189226
14243,chr6,32362218,32362844
14245,chr6,32363775,32364175
14285,chr6,32712830,32713288
14292,chr6,32781071,32781484
14353,chr6,32974379,32975460
14354,chr6,32975490,32976231
14357,chr6,32977883,32978875
14382,chr6,33133229,33133852
14383,chr6,33133945,33134425
14518,chr6,33647585,33647961
14525,chr6,33771699,33772117
14544,chr6,34100799,34101067
14635,chr6,37616310,37616903
14646,chr6,38682856,38683321
14654,chr6,39290059,39290977
14664,chr6,40400130,40400562
14678,chr6,41215706,41216190
14716,chr6,42231023,42231302
14722,chr6,42738867,42739149
14783,chr6,44253810,44254391
14824,chr6,48669439,48669841
14852,chr6,52051013,52051417
14886,chr6,56819198,56819723
14897,chr6,58399499,58399893
14906,chr6,66497486,66498132
14910,chr6,68598542,68598958
14924,chr6,71318824,71319175
14931,chr6,71874611,71874930
14936,chr6,72294678,72294979
14939,chr6,72806627,72806928
14945,chr6,73935025,73935370
14950,chr6,74073324,74073735
14951,chr6,74073865,74074236
15010,chr6,84233817,84234563
15021,chr6,85482470,85483155
15043,chr6,88854053,88854484
15129,chr6,100895381,100895779
15130,chr6,100896574,100896903
15132,chr6,100905358,100905791
15133,chr6,100911426,100911846
15134,chr6,100911849,100912268
15135,chr6,100912722,100913130
15138,chr6,100915534,100915905
15139,chr6,100916816,100917527
15147,chr6,105388568,105388831
15149,chr6,105400784,105401439
15152,chr6,105584451,105584880
15155,chr6,106428857,106429869
15158,chr6,106441341,106441718
15162,chr6,106583061,106583318
15188,chr6,108486287,108486617
15189,chr6,108486963,108487283
15192,chr6,108492542,108492869
15324,chr6,129250587,129250894
15325,chr6,129478765,129479124
15327,chr6,129613921,129614226
15360,chr6,133851327,133851642
15393,chr6,137243119,137243510
15481,chr6,149286144,149286475
15511,chr6,150378638,150379147
15543,chr6,153280571,153280870
15548,chr6,153452624,153453054
15552,chr6,155450716,155451157
15560,chr6,156428812,156429269
15562,chr6,156828889,156829246
15593,chr6,158403961,158404221
15620,chr6,159290738,159291328
15632,chr6,159796300,159796627
15670,chr6,161637716,161638200
15672,chr6,161796685,161796954
15706,chr6,164241227,164241513
15708,chr6,164341097,164341347
15712,chr6,164527125,164527536
15714,chr6,164757959,164758616
15715,chr6,165031968,165032224
15717,chr6,165715486,165715857
15719,chr6,165831798,165832035
15720,chr6,166068385,166068675
15725,chr6,166100151,166100416
15726,chr6,166100505,166100793
15727,chr6,166123488,166123762
15728,chr6,166124336,166124659
15729,chr6,166128475,166128782
15730,chr6,166139805,166140806
15731,chr6,166144556,166144974
15732,chr6,166205424,166205848
15735,chr6,166240479,166240975
15742,chr6,166344213,166344507
15743,chr6,166353915,166354332
15752,chr6,166571682,166572145
15785,chr6,167104501,167105026
15787,chr6,167136106,167136532
15793,chr6,167262925,167263554
15796,chr6,167284253,167284642
15809,chr6,167587458,167587908
15902,chr6,168778125,168778412
15903,chr6,168782441,168782750
15904,chr6,168782804,168783082
15906,chr6,168785795,168786070
15907,chr6,168797135,168797608
15908,chr6,168810970,168811387
15909,chr6,168811830,168812252
15910,chr6,168812469,168812837
15911,chr6,168816559,168816871
15912,chr6,168817199,168817598
15915,chr6,168857442,168857903
15916,chr6,168859841,168860097
15918,chr6,168896107,168896416
15921,chr6,168918497,168919001
15922,chr6,168920072,168920431
15923,chr6,168925533,168925798
15925,chr6,168968429,168968854
15926,chr6,168970674,168970924
15927,chr6,168970959,168971235
15929,chr6,168971944,168972310
15930,chr6,168983311,168983600
15932,chr6,169013050,169013866
15934,chr6,169025796,169026251
15935,chr6,169026828,169027318
15936,chr6,169050687,169051123
15937,chr6,169051307,169051531
15938,chr6,169092233,169092943
15939,chr6,169104334,169104640
15940,chr6,169106488,169107014
15941,chr6,169117711,169118073
15942,chr6,169129467,169129696
15944,chr6,169226066,169226485
15945,chr6,169238038,169238543
15946,chr6,169242669,169243175
15947,chr6,169243310,169243655
15949,chr6,169256375,169256880
15951,chr6,169261076,169261575
15953,chr6,169272826,169273149
15954,chr6,169273232,169273811
15955,chr6,169273873,169274218
15956,chr6,169277007,169277341
15958,chr6,169286248,169286688
15961,chr6,169290359,169290729
15962,chr6,169301221,169301513
15963,chr6,169399583,169399860
15964,chr6,169423625,169423932
15965,chr6,169540577,169540880
15966,chr6,169558796,169559161
15967,chr6,169559979,169560306
15968,chr6,169567248,169567709
15969,chr6,169568417,169568664
15970,chr6,169568846,169569237
15971,chr6,169575518,169575801
15972,chr6,169586268,169586606
15973,chr6,169592067,169592544
15979,chr6,169640945,169641388
15982,chr6,169682264,169682542
15983,chr6,169689673,169690039
15984,chr6,169717451,169718232
16020,chr6,170238414,170238911
16035,chr6,170425620,170426000
16103,chr7,169460,169821
16138,chr7,569542,570141
16217,chr7,944507,944876
16222,chr7,961222,961557
16224,chr7,965895,966296
16295,chr7,1239711,1240191
16310,chr7,1293499,1293769
16312,chr7,1303118,1303548
16313,chr7,1308297,1308700
16314,chr7,1315446,1315966
16322,chr7,1351439,1352102
16323,chr7,1354679,1355051
16324,chr7,1358019,1358567
16327,chr7,1365645,1365968
16328,chr7,1370243,1370827
16330,chr7,1392473,1392800
16332,chr7,1403528,1403956
16334,chr7,1422720,1423172
16335,chr7,1423522,1424147
16336,chr7,1428706,1429000
16340,chr7,1460573,1461044
16356,chr7,1563413,1563808
16375,chr7,1641605,1642022
16541,chr7,2563378,2564009
16608,chr7,2952879,2953119
16609,chr7,2953736,2954030
16610,chr7,2958967,2959221
16612,chr7,2968216,2968727
16613,chr7,2976687,2977137
16615,chr7,3025534,3025836
16617,chr7,3033308,3034039
16619,chr7,3074305,3074742
16620,chr7,3081906,3082333
16622,chr7,3096181,3096661
16624,chr7,3221050,3221473
16626,chr7,3280445,3280768
16628,chr7,3341424,3342148
16629,chr7,3849240,3849496
16630,chr7,3919828,3920182
16631,chr7,3920197,3920634
16632,chr7,3988945,3989267
16634,chr7,4008846,4009136
16635,chr7,4012272,4012673
16636,chr7,4013970,4014365
16637,chr7,4030174,4030836
16638,chr7,4049431,4050214
16639,chr7,4056724,4057114
16640,chr7,4065831,4066227
16642,chr7,4118483,4118968
16643,chr7,4147174,4147532
16644,chr7,4153607,4154019
16645,chr7,4167709,4168139
16647,chr7,4174382,4174755
16650,chr7,4177251,4177501
16653,chr7,4198464,4198721
16655,chr7,4210849,4211855
16657,chr7,4218643,4219274
16659,chr7,4242669,4243119
16660,chr7,4243186,4243834
16661,chr7,4245277,4245614
16664,chr7,4264880,4265648
16665,chr7,4267264,4267512
16666,chr7,4275534,4276062
16670,chr7,4307292,4307590
16671,chr7,4308020,4308549
16672,chr7,4347399,4348207
16673,chr7,4383560,4383839
16674,chr7,4456241,4456503
16717,chr7,4849975,4850445
16719,chr7,4856759,4857170
16720,chr7,4859567,4859863
16722,chr7,4872826,4873649
16728,chr7,4913420,4913860
16729,chr7,4917207,4917630
16736,chr7,5111388,5111769
16737,chr7,5111775,5112167
16794,chr7,5632854,5633186
16842,chr7,6703433,6703903
16843,chr7,6703945,6704294
16848,chr7,6892785,6893080
16872,chr7,10819270,10819732
16890,chr7,15727341,15727698
16923,chr7,20824456,20825032
16940,chr7,22705231,22705707
16942,chr7,22767284,22767671
16973,chr7,25100256,25100528
16990,chr7,26192866,26193209
16995,chr7,26416635,26417087
17026,chr7,27196659,27196925
17028,chr7,27199626,27200056
17029,chr7,27204563,27205758
17030,chr7,27207896,27208385
17031,chr7,27209031,27209682
17032,chr7,27213793,27214483
17039,chr7,27232312,27232735
17040,chr7,27233311,27233580
17044,chr7,27243121,27243563
17047,chr7,27260002,27260685
17048,chr7,27264904,27265622
17049,chr7,27281116,27282064
17062,chr7,28319243,28319776
17068,chr7,28837986,28838334
17132,chr7,35293653,35293992
17165,chr7,38468844,38469373
17170,chr7,39332639,39332984
17186,chr7,42214176,42214461
17198,chr7,43288535,43288989
17199,chr7,43313916,43314294
17200,chr7,43351108,43351704
17229,chr7,44349195,44349489
17261,chr7,45187802,45188375
17296,chr7,48494972,48495433
17305,chr7,50450166,50450474
17329,chr7,51543996,51544287
17330,chr7,51698497,51698810
17332,chr7,53103114,53103412
17333,chr7,53154866,53155321
17334,chr7,53254847,53255325
17336,chr7,54487048,54487562
17351,chr7,55516624,55517232
17376,chr7,57076641,57077051
17377,chr7,57247519,57248118
17378,chr7,57324317,57325024
17381,chr7,57509662,57510232
17383,chr7,57712587,57712919
17391,chr7,62809221,62809473
17394,chr7,63027925,63028377
17396,chr7,63226436,63226893
17404,chr7,63652531,63652994
17405,chr7,63667112,63667818
17408,chr7,63867592,63868086
17417,chr7,64328615,64328990
17418,chr7,64345104,64345650
17446,chr7,65970824,65971472
17487,chr7,72777278,72777827
17609,chr7,82286278,82286599
17613,chr7,83378695,83379252
17615,chr7,84569042,84569618
17618,chr7,85010576,85010874
17640,chr7,87974622,87974856
17642,chr7,88424885,88425248
17650,chr7,89950196,89950558
17724,chr7,96631284,96631780
17725,chr7,96632194,96632941
17736,chr7,96649856,96650768
17742,chr7,96655698,96656081
17760,chr7,97839770,97840213
17779,chr7,98199260,98199564
17780,chr7,98245616,98246106
17786,chr7,98335326,98335588
17789,chr7,98467938,98468267
17873,chr7,99775322,99775658
17902,chr7,100224337,100224657
17904,chr7,100253692,100254014
17985,chr7,101688548,101688830
18022,chr7,103085878,103086574
18067,chr7,107642344,107642639
18112,chr7,117119282,117119737
18113,chr7,117119838,117120164
18118,chr7,117864574,117865212
18133,chr7,121940116,121940747
18168,chr7,127255383,127255736
18169,chr7,127256576,127257020
18176,chr7,127744110,127744717
18178,chr7,127791927,127792265
18215,chr7,128809000,128809542
18272,chr7,134143723,134144388
18292,chr7,135412096,135412506
18294,chr7,135433253,135433890
18298,chr7,136848918,136849417
18300,chr7,137230773,137231024
18317,chr7,138720686,138721165
18328,chr7,139208752,139209079
18338,chr7,139929614,139929955
18369,chr7,142561818,142562253
18379,chr7,143042485,143042898
18398,chr7,145813313,145813594
18427,chr7,149112042,149112502
18438,chr7,149389569,149390041
18504,chr7,150785944,150786182
18512,chr7,150878143,150878499
18513,chr7,150884329,150884741
18543,chr7,151329908,151330330
18581,chr7,153287429,153287852
18587,chr7,154003115,154003409
18588,chr7,154473102,154473424
18589,chr7,154473967,154474256
18590,chr7,154540194,154540469
18591,chr7,154541960,154542413
18592,chr7,154667446,154667864
18596,chr7,154685529,154685923
18603,chr7,154958807,154959141
18622,chr7,155191609,155191998
18671,chr7,155790671,155791056
18673,chr7,155828112,155828422
18676,chr7,155897202,155897536
18677,chr7,155898088,155898535
18678,chr7,155915273,155915812
18679,chr7,155916802,155917259
18682,chr7,155970088,155970401
18713,chr7,156783174,156783557
18724,chr7,156837480,156837955
18729,chr7,156913035,156913388
18730,chr7,156917332,156917862
18757,chr7,157223917,157224141
18758,chr7,157226915,157227390
18759,chr7,157257842,157258192
18760,chr7,157258577,157258954
18761,chr7,157260717,157261263
18763,chr7,157277298,157277717
18766,chr7,157291104,157291574
18767,chr7,157291768,157292282
18768,chr7,157294224,157294602
18769,chr7,157306240,157306692
18770,chr7,157319988,157320762
18772,chr7,157332718,157333110
18773,chr7,157333305,157334049
18774,chr7,157334548,157334950
18776,chr7,157340290,157340654
18777,chr7,157342443,157342901
18778,chr7,157345352,157345927
18780,chr7,157350767,157351142
18782,chr7,157352878,157353291
18785,chr7,157366833,157367259
18788,chr7,157370154,157370586
18789,chr7,157372155,157372432
18790,chr7,157380978,157381340
18791,chr7,157387006,157387461
18793,chr7,157394482,157394761
18794,chr7,157396382,157396744
18795,chr7,157402163,157402773
18797,chr7,157410878,157411242
18798,chr7,157412528,157413157
18799,chr7,157413802,157414187
18800,chr7,157414194,157414680
18801,chr7,157436406,157436694
18802,chr7,157437673,157437944
18803,chr7,157444135,157444601
18804,chr7,157446922,157447349
18805,chr7,157448141,157448759
18807,chr7,157453675,157454307
18808,chr7,157455690,157456101
18809,chr7,157460377,157460859
18811,chr7,157463592,157463904
18812,chr7,157467783,157468543
18813,chr7,157474756,157475065
18817,chr7,157493345,157493803
18819,chr7,157495182,157495632
18820,chr7,157495741,157496069
18821,chr7,157502270,157502720
18823,chr7,157510157,157510562
18824,chr7,157512101,157512497
18826,chr7,157514526,157514922
18827,chr7,157516493,157516867
18829,chr7,157523256,157523641
18830,chr7,157527473,157527972
18831,chr7,157528344,157528753
18832,chr7,157529916,157530277
18833,chr7,157536581,157537220
18834,chr7,157549442,157549978
18835,chr7,157550924,157551375
18836,chr7,157551790,157552259
18838,chr7,157561493,157562025
18839,chr7,157567795,157568492
18840,chr7,157570816,157571078
18843,chr7,157586119,157586445
18847,chr7,157608473,157608742
18848,chr7,157620585,157621043
18849,chr7,157621932,157622321
18850,chr7,157624688,157625058
18851,chr7,157625882,157626409
18852,chr7,157633671,157634085
18853,chr7,157637316,157637660
18854,chr7,157637962,157638359
18855,chr7,157641637,157642016
18856,chr7,157642907,157643225
18862,chr7,157650060,157650590
18864,chr7,157669780,157670271
18866,chr7,157690509,157690869
18867,chr7,157691077,157691784
18868,chr7,157694304,157694845
18870,chr7,157696489,157696939
18871,chr7,157696957,157697728
18872,chr7,157700772,157701362
18873,chr7,157709749,157710315
18874,chr7,157730062,157730364
18875,chr7,157738145,157738429
18879,chr7,157778431,157778745
18880,chr7,157782717,157783016
18881,chr7,157785528,157785859
18882,chr7,157786405,157786731
18884,chr7,157809135,157809696
18885,chr7,157811743,157812018
18886,chr7,157818596,157818933
18887,chr7,157834746,157835149
18888,chr7,157849515,157849894
18889,chr7,157854593,157854872
18890,chr7,157867164,157867400
18891,chr7,157867512,157867912
18892,chr7,157873754,157874120
18893,chr7,157876200,157876550
18895,chr7,157915977,157916379
18896,chr7,157919549,157920274
18897,chr7,157929509,157929775
18899,chr7,157932821,157933071
18901,chr7,157933581,157933884
18902,chr7,157951303,157951571
18903,chr7,157955942,157956261
18905,chr7,157958471,157958848
18906,chr7,157968478,157968783
18907,chr7,157981175,157981437
18908,chr7,157981749,157982045
18909,chr7,157982061,157982689
18910,chr7,157984957,157985271
18911,chr7,157985648,157985918
18912,chr7,157986988,157987284
18913,chr7,158030485,158030826
18914,chr7,158037663,158038107
18915,chr7,158038422,158038820
18916,chr7,158045880,158046458
18917,chr7,158049806,158050046
18923,chr7,158093098,158093377
18924,chr7,158103193,158103682
18925,chr7,158107169,158107823
18926,chr7,158109239,158109794
18928,chr7,158111078,158111429
18929,chr7,158114458,158114759
18930,chr7,158136212,158136585
18931,chr7,158157781,158158114
18932,chr7,158216757,158217385
18935,chr7,158235791,158236260
18937,chr7,158250029,158250624
18938,chr7,158263104,158263377
18939,chr7,158264563,158265035
18941,chr7,158267156,158267689
18942,chr7,158269094,158269509
18943,chr7,158271657,158272129
18944,chr7,158272369,158272647
18945,chr7,158277575,158278140
18948,chr7,158280671,158281238
18949,chr7,158281310,158281713
18950,chr7,158282501,158282845
18953,chr7,158318929,158319304
18954,chr7,158324828,158325218
18956,chr7,158330826,158331317
18958,chr7,158342005,158342494
18959,chr7,158362629,158363066
18961,chr7,158380784,158381320
18992,chr7,158799615,158799877
18999,chr7,158828349,158828850
19002,chr7,158858398,158858730
19003,chr7,158885998,158886632
19008,chr7,158937869,158938160
19009,chr7,158949581,158949943
19010,chr7,158951093,158951444
19023,chr8,527984,528573
19034,chr8,644421,644978
19045,chr8,700559,700834
19047,chr8,709476,709792
19048,chr8,710897,711185
19049,chr8,713062,713316
19050,chr8,748181,748556
19051,chr8,773706,773987
19052,chr8,786558,787398
19054,chr8,810678,811103
19057,chr8,818562,818975
19059,chr8,840073,840498
19060,chr8,848252,848684
19061,chr8,854590,854857
19062,chr8,865642,866179
19063,chr8,876725,877174
19065,chr8,884547,884942
19066,chr8,893219,893759
19073,chr8,1041102,1041436
19082,chr8,1106301,1106843
19083,chr8,1107053,1107423
19084,chr8,1109886,1110363
19085,chr8,1110420,1110881
19088,chr8,1131950,1132289
19089,chr8,1132612,1133205
19090,chr8,1136027,1136638
19093,chr8,1153107,1153502
19096,chr8,1244970,1245442
19099,chr8,1248761,1249315
19100,chr8,1271467,1271870
19103,chr8,1281499,1281908
19104,chr8,1291857,1292463
19105,chr8,1304755,1305225
19106,chr8,1307180,1307523
19108,chr8,1311296,1311676
19111,chr8,1327267,1327721
19113,chr8,1359555,1359830
19114,chr8,1364327,1364789
19116,chr8,1379701,1380163
19120,chr8,1400074,1400365
19121,chr8,1402085,1402416
19123,chr8,1404785,1405238
19124,chr8,1411599,1412021
19125,chr8,1423556,1423923
19126,chr8,1441286,1441639
19127,chr8,1443808,1444185
19128,chr8,1449213,1449755
19129,chr8,1458408,1458658
19130,chr8,1460116,1460447
19131,chr8,1460469,1460818
19132,chr8,1462803,1463225
19134,chr8,1475045,1475357
19135,chr8,1494925,1495432
19137,chr8,1500267,1500601
19138,chr8,1501358,1501770
19139,chr8,1553598,1553979
19140,chr8,1578939,1579340
19143,chr8,1615850,1617025
19144,chr8,1617516,1617968
19145,chr8,1623203,1623583
19147,chr8,1626319,1626797
19164,chr8,1785733,1786422
19171,chr8,1810197,1810626
19172,chr8,1813863,1814196
19176,chr8,1830582,1831065
19182,chr8,1857469,1857939
19195,chr8,1912986,1913524
19206,chr8,2003710,2004150
19207,chr8,2005403,2005801
19210,chr8,2024149,2024468
19211,chr8,2029932,2030367
19213,chr8,2046652,2047110
19216,chr8,2092507,2093009
19218,chr8,2127240,2127576
19220,chr8,2143558,2143867
19221,chr8,2146704,2147132
19222,chr8,2196484,2196933
19224,chr8,2241924,2242404
19226,chr8,2538149,2538455
19227,chr8,2548801,2549396
19229,chr8,2752636,2752882
19232,chr8,3244812,3245247
19234,chr8,3429282,3429580
19240,chr8,5909780,5910161
19254,chr8,6662863,6663501
19264,chr8,6940491,6940802
19323,chr8,10753047,10753337
19324,chr8,10755644,10756320
19327,chr8,10907618,10907888
19328,chr8,10928885,10929310
19329,chr8,10966092,10966351
19330,chr8,11058590,11058870
19344,chr8,11301930,11302343
19351,chr8,11536678,11537212
19352,chr8,11540307,11540858
19355,chr8,11555078,11555648
19401,chr8,17270967,17271219
19429,chr8,20107355,20107858
19528,chr8,24772037,24772613
19646,chr8,33578894,33579340
19647,chr8,33579619,33580016
19654,chr8,36641471,36642024
19706,chr8,39441868,39442189
19707,chr8,39695597,39696162
19727,chr8,41528846,41529240
19729,chr8,41553855,41554249
19740,chr8,41753960,41754281
19769,chr8,43126888,43127338
19773,chr8,43147111,43147841
19803,chr8,49468584,49469088
19814,chr8,49984676,49985121
19820,chr8,52320699,52321044
19828,chr8,53322221,53322719
19830,chr8,53326822,53327179
19836,chr8,54154326,54154628
19855,chr8,55533555,55534203
19857,chr8,56361801,56362267
19860,chr8,56436293,56436871
19861,chr8,56437583,56437820
19872,chr8,57233535,57233974
19873,chr8,57350635,57351285
19881,chr8,58114815,58115112
19884,chr8,58191810,58192165
19896,chr8,61086076,61086368
19917,chr8,62823715,62823994
19941,chr8,65498240,65498912
19942,chr8,65499601,65500026
19968,chr8,67873243,67873611
19969,chr8,67874078,67874466
19984,chr8,70246262,70246720
19995,chr8,70983248,70983860
19996,chr8,70984099,70984659
20017,chr8,73480045,73480340
20018,chr8,73848357,73848632
20019,chr8,73848837,73849214
20036,chr8,75227048,75227455
20077,chr8,82193349,82193572
20098,chr8,86350178,86350692
20099,chr8,86350789,86351295
20102,chr8,86567978,86568263
20109,chr8,88884885,88885354
20110,chr8,88885951,88886532
20122,chr8,92982862,92983145
20128,chr8,93654803,93655106
20184,chr8,99438842,99439219
20185,chr8,99439585,99440048
20186,chr8,99440179,99440622
20189,chr8,99951931,99952317
20190,chr8,99954332,99954779
20192,chr8,99959330,99959823
20194,chr8,99961668,99962218
20200,chr8,101118277,101118648
20209,chr8,101661667,101662346
20224,chr8,102504347,102504959
20225,chr8,102506289,102506735
20247,chr8,104153492,104153929
20250,chr8,104383615,104384071
20253,chr8,104512068,104512523
20254,chr8,104512758,104513286
20262,chr8,106331895,106332288
20264,chr8,107227778,107228303
20267,chr8,107782273,107782834
20294,chr8,114389068,114389579
20402,chr8,133141339,133141915
20404,chr8,133573639,133574173
20409,chr8,133878897,133879411
20429,chr8,140624330,140624607
20430,chr8,140631016,140631369
20434,chr8,140714389,140714710
20435,chr8,140715440,140715902
20507,chr8,142199920,142200240
20508,chr8,142200812,142201125
20510,chr8,142202678,142203196
20511,chr8,142203759,142204216
20514,chr8,142215931,142216376
20537,chr8,142367926,142368432
20544,chr8,142437028,142437336
20545,chr8,142437798,142438136
20551,chr8,142517086,142517653
20552,chr8,142593500,142593771
20554,chr8,142662274,142662508
20557,chr8,142841813,142842130
20560,chr8,142981493,142981953
20561,chr8,142984221,142984713
20562,chr8,143055306,143055626
20563,chr8,143055756,143056075
20565,chr8,143085650,143086165
20566,chr8,143086198,143086559
20568,chr8,143128958,143129366
20572,chr8,143192849,143193231
20574,chr8,143206314,143206774
20577,chr8,143254308,143254826
20578,chr8,143261991,143262300
20581,chr8,143318883,143319359
20583,chr8,143332974,143333934
20600,chr8,143509163,143509656
20604,chr8,143535337,143535991
20607,chr8,143546725,143546993
20609,chr8,143596571,143597047
20610,chr8,143609279,143609737
20611,chr8,143620493,143620802
20612,chr8,143623272,143623744
20613,chr8,143625497,143626067
20616,chr8,143660312,143660671
20617,chr8,143662770,143663099
20622,chr8,143761403,143761911
20623,chr8,143763226,143763665
20632,chr8,143867699,143868362
20633,chr8,143868744,143869017
20635,chr8,143915676,143916477
20636,chr8,143961041,143961491
20637,chr8,143999055,143999474
20644,chr8,144178412,144178868
20645,chr8,144207001,144207361
20647,chr8,144212705,144213866
20653,chr8,144260571,144260878
20657,chr8,144303409,144303873
20687,chr8,144461907,144462335
20768,chr8,144965712,144966015
20777,chr8,145013628,145014032
20882,chr8,145925608,145926189
21006,chr9,86755343,86755604
21036,chr9,97094826,97095235
21108,chr9,124498533,124499061
21186,chr9,134699390,134699810
21187,chr9,134717304,134717794
21197,chr9,136100477,136100900
21214,chr9,137623730,137624193
21215,chr9,137730925,137731280
21224,chr9,138672737,138673131
21225,chr9,138679659,138680245
21232,chr9,139069656,139069997
21247,chr9,139633963,139634372
21270,chr9,140126961,140127479
21366,chr10,743661,744073
21368,chr10,772869,773241
21371,chr10,829233,829563
21400,chr10,1196352,1196819
21401,chr10,1198589,1199150
21402,chr10,1199925,1200299
21403,chr10,1205463,1206042
21404,chr10,1206455,1206790
21407,chr10,1219131,1219505
21408,chr10,1222308,1222789
21409,chr10,1226545,1226986
21410,chr10,1228793,1229180
21413,chr10,1245161,1245686
21414,chr10,1245736,1246135
21415,chr10,1247369,1247753
21416,chr10,1248670,1248918
21417,chr10,1251639,1251962
21418,chr10,1252046,1252604
21419,chr10,1256239,1256751
21420,chr10,1284061,1284521
21421,chr10,1285232,1285635
21422,chr10,1308711,1309026
21423,chr10,1401718,1402393
21424,chr10,1410419,1410771
21425,chr10,1415877,1416324
21426,chr10,1416446,1417020
21427,chr10,1437844,1438265
21428,chr10,1444356,1444908
21429,chr10,1445034,1445417
21430,chr10,1446813,1447283
21431,chr10,1451281,1451748
21432,chr10,1452870,1453205
21433,chr10,1453718,1454017
21436,chr10,1505495,1505754
21438,chr10,1509575,1510177
21439,chr10,1510924,1511377
21441,chr10,1531143,1531629
21442,chr10,1547617,1548083
21443,chr10,1551151,1551426
21444,chr10,1558662,1559003
21445,chr10,1559012,1559349
21446,chr10,1560371,1560728
21447,chr10,1567646,1567997
21449,chr10,1570217,1570518
21450,chr10,1577165,1577696
21452,chr10,1595443,1596208
21454,chr10,1654136,1654521
21455,chr10,1669117,1669429
21456,chr10,1692810,1693207
21457,chr10,1707423,1707676
21458,chr10,1708400,1708873
21459,chr10,1712818,1713165
21460,chr10,1713235,1713518
21461,chr10,1724996,1725290
21462,chr10,1749260,1749647
21464,chr10,1767623,1768015
21469,chr10,1789112,1789554
21471,chr10,1939518,1939783
21472,chr10,1975462,1975731
21474,chr10,2005609,2005978
21475,chr10,2006640,2007050
21476,chr10,2035187,2035440
21480,chr10,2267098,2267389
21481,chr10,2357124,2357687
21482,chr10,2359672,2360022
21483,chr10,2370870,2371538
21485,chr10,2452939,2453291
21486,chr10,2487050,2487294
21487,chr10,2699191,2699457
21488,chr10,2776788,2777228
21489,chr10,2814904,2815647
21490,chr10,2931861,2932176
21491,chr10,2932199,2932720
21492,chr10,2936284,2936534
21494,chr10,2964578,2964893
21495,chr10,2977922,2978290
21496,chr10,2978338,2978787
21497,chr10,3023577,3023901
21498,chr10,3057851,3058339
21499,chr10,3062910,3063396
21527,chr10,3250674,3251249
21528,chr10,3276958,3277292
21530,chr10,3283747,3284227
21531,chr10,3300229,3300545
21532,chr10,3313124,3313402
21533,chr10,3329665,3330066
21534,chr10,3342788,3343291
21542,chr10,3536241,3536616
21543,chr10,3572102,3572357
21545,chr10,3576768,3577156
21546,chr10,3581001,3581333
21558,chr10,4193730,4194014
21560,chr10,4230313,4230852
21561,chr10,4445848,4446364
21562,chr10,4499893,4500236
21610,chr10,6472650,6472933
21616,chr10,7290392,7290645
21617,chr10,7376556,7376826
21618,chr10,7409424,7409883
21624,chr10,7567823,7568206
21655,chr10,8125499,8125871
21657,chr10,8302669,8302931
21663,chr10,10993934,10994289
21665,chr10,11059190,11059833
21666,chr10,11059938,11060204
21669,chr10,11317687,11317972
21671,chr10,11343986,11344495
21672,chr10,11381754,11382124
21673,chr10,11483141,11483627
21765,chr10,17271829,17272319
21772,chr10,18629397,18629777
21786,chr10,21676780,21677127
21804,chr10,22541895,22542245
21811,chr10,22624563,22625115
21812,chr10,22625174,22625974
21813,chr10,22633816,22634326
21814,chr10,22634332,22634833
21817,chr10,22765981,22766420
21841,chr10,25506999,25507302
21871,chr10,28233009,28233288
21946,chr10,35929039,35929469
21951,chr10,37413510,37413899
21960,chr10,38445610,38446016
21967,chr10,42777275,42777625
21982,chr10,43394547,43394822
21991,chr10,43697717,43698241
22033,chr10,45799111,45799530
22047,chr10,46993402,46993686
22048,chr10,47008085,47008416
22055,chr10,48388187,48388637
22057,chr10,48416291,48416610
22150,chr10,63170003,63170472
22247,chr10,72311814,72312193
22252,chr10,72453875,72454126
22256,chr10,72819917,72820174
22270,chr10,73553038,73553301
22407,chr10,85985122,85985548
22409,chr10,86001054,86001660
22474,chr10,91738361,91738891
22485,chr10,93646891,93647400
22511,chr10,94825447,94825948
22514,chr10,94834457,94834863
22553,chr10,97802749,97803158
22554,chr10,97803945,97804380
22558,chr10,98063867,98064462
22633,chr10,101874729,101875238
22695,chr10,102890786,102891380
22697,chr10,102896276,102896740
22698,chr10,102899849,102900591
22740,chr10,104001126,104001574
22766,chr10,105036511,105036963
22767,chr10,105037249,105037896
22776,chr10,105238773,105239305
22830,chr10,112404638,112405097
22894,chr10,118305288,118305577
22900,chr10,118434351,118434828
22913,chr10,118891501,118891806
22924,chr10,118956539,118957359
22962,chr10,121249768,121250183
22992,chr10,123923781,123924185
23003,chr10,124402573,124403163
23025,chr10,124909611,124910317
23032,chr10,125327478,125327758
23034,chr10,125521435,125521693
23036,chr10,125617097,125617428
23080,chr10,126751850,126752137
23081,chr10,126781398,126781691
23082,chr10,126782226,126782692
23083,chr10,126792594,126792853
23087,chr10,127220170,127220454
23101,chr10,128021222,128021521
23105,chr10,128193119,128193597
23107,chr10,128274908,128275134
23110,chr10,128994197,128994802
23114,chr10,129294284,129294726
23115,chr10,129379038,129379453
23120,chr10,129796822,129797119
23121,chr10,129797660,129797940
23123,chr10,129828620,129828898
23132,chr10,130012774,130013254
23134,chr10,130165232,130165601
23135,chr10,130185205,130185487
23136,chr10,130227703,130228002
23137,chr10,130229835,130230159
23138,chr10,130268485,130269130
23139,chr10,130274336,130274609
23140,chr10,130279544,130280012
23141,chr10,130298486,130298757
23142,chr10,130298760,130299187
23143,chr10,130300218,130300598
23145,chr10,130366562,130366995
23146,chr10,130492781,130493203
23147,chr10,130507605,130507903
23149,chr10,130519724,130519985
23150,chr10,130546108,130546399
23151,chr10,130610137,130610531
23152,chr10,130757123,130757436
23153,chr10,130757517,130757857
23154,chr10,130789281,130789592
23155,chr10,130828479,130828754
23157,chr10,130830729,130831521
23160,chr10,130844021,130844499
23161,chr10,130844507,130844999
23162,chr10,130854243,130854637
23164,chr10,130935209,130935534
23165,chr10,131005596,131005878
23168,chr10,131151435,131151753
23173,chr10,131213716,131214344
23230,chr10,131665738,131666414
23233,chr10,131671165,131671930
23236,chr10,131684616,131684993
23240,chr10,131691024,131691317
23241,chr10,131694475,131694956
23244,chr10,131706644,131706979
23245,chr10,131713729,131713990
23246,chr10,131731316,131731669
23258,chr10,131812311,131812978
23271,chr10,132157700,132158196
23272,chr10,132239401,132239958
23273,chr10,132284089,132284493
23274,chr10,132284806,132285084
23275,chr10,132291764,132292012
23277,chr10,132453204,132453576
23280,chr10,132546299,132546552
23282,chr10,132600650,132600914
23283,chr10,132631941,132632359
23284,chr10,132632373,132632813
23285,chr10,132632828,132633101
23287,chr10,132873557,132874003
23289,chr10,132882783,132883227
23290,chr10,132886534,132886815
23292,chr10,132887452,132887818
23294,chr10,132891219,132891471
23295,chr10,132909013,132909570
23296,chr10,132910768,132911252
23297,chr10,132912684,132913355
23299,chr10,132958970,132959227
23300,chr10,132975785,132976249
23301,chr10,132977121,132977508
23303,chr10,133000030,133000571
23305,chr10,133051387,133051939
23306,chr10,133058757,133059088
23313,chr10,133208386,133208792
23314,chr10,133208807,133209084
23315,chr10,133218160,133218525
23318,chr10,133317323,133317722
23319,chr10,133317972,133318387
23320,chr10,133326829,133327098
23321,chr10,133373033,133373462
23323,chr10,133449406,133449815
23327,chr10,133508146,133508966
23331,chr10,133606194,133606592
23336,chr10,133677069,133677377
23406,chr10,134041406,134041883
23411,chr10,134053702,134054062
23412,chr10,134054644,134054897
23419,chr10,134087953,134088295
23422,chr10,134106465,134106719
23424,chr10,134113212,134113611
23425,chr10,134115070,134115476
23426,chr10,134119175,134119543
23518,chr10,134599683,134601098
23519,chr10,134605594,134606086
23520,chr10,134619322,134619566
23521,chr10,134621015,134621375
23524,chr10,134627936,134628252
23528,chr10,134646982,134647557
23529,chr10,134659256,134659648
23532,chr10,134663598,134663964
23536,chr10,134672312,134673017
23537,chr10,134679176,134679535
23539,chr10,134692306,134692716
23542,chr10,134697671,134697962
23543,chr10,134698383,134699037
23545,chr10,134703255,134703507
23546,chr10,134719835,134720157
23547,chr10,134721947,134722343
23548,chr10,134729842,134730358
23549,chr10,134730416,134730705
23550,chr10,134734420,134734793
23552,chr10,134735793,134736348
23553,chr10,134739558,134740034
23554,chr10,134740702,134741132
23557,chr10,134746724,134747071
23558,chr10,134751498,134751900
23562,chr10,134768990,134769313
23563,chr10,134771844,134772155
23564,chr10,134773753,134774113
23565,chr10,134774114,134774661
23567,chr10,134790669,134791143
23570,chr10,134800562,134800841
23571,chr10,134801578,134801924
23573,chr10,134804072,134804547
23574,chr10,134806381,134806683
23575,chr10,134807108,134807544
23578,chr10,134818583,134819005
23579,chr10,134819066,134819335
23580,chr10,134821634,134822101
23582,chr10,134826431,134826860
23584,chr10,134827982,134828270
23585,chr10,134828862,134829196
23586,chr10,134832679,134833018
23587,chr10,134833212,134833686
23588,chr10,134833725,134834057
23590,chr10,134837564,134837906
23591,chr10,134837914,134838756
23592,chr10,134842588,134843284
23593,chr10,134844616,134844871
23595,chr10,134851631,134852044
23597,chr10,134859587,134860310
23601,chr10,134884077,134884745
23602,chr10,134885869,134886208
23603,chr10,134889952,134890192
23604,chr10,134890592,134890899
23606,chr10,134896132,134896578
23607,chr10,134896812,134897310
23611,chr10,134910171,134910640
23612,chr10,134910750,134911197
23613,chr10,134918571,134919074
23616,chr10,134928357,134928894
23618,chr10,134937698,134938244
23622,chr10,134955430,134955848
23669,chr10,135089998,135090665
23718,chr11,195223,195672
23762,chr11,429936,430392
23807,chr11,636932,637275
23877,chr11,1028929,1029436
23885,chr11,1056174,1056598
23887,chr11,1060559,1060810
23893,chr11,1096183,1096555
23894,chr11,1097502,1098180
23895,chr11,1102379,1102670
23896,chr11,1104195,1104627
23898,chr11,1120789,1121213
23904,chr11,1217066,1217628
23906,chr11,1220071,1220436
23907,chr11,1221298,1221912
23908,chr11,1228652,1229241
23909,chr11,1229801,1230244
23915,chr11,1248859,1249108
23917,chr11,1253804,1254304
23921,chr11,1273918,1274369
23923,chr11,1275934,1276235
23961,chr11,1422219,1422663
23965,chr11,1446147,1446486
23972,chr11,1471310,1471799
23975,chr11,1475675,1475999
24028,chr11,1929015,1929290
24031,chr11,1945464,1945748
24048,chr11,1994802,1995077
24060,chr11,2109564,2109826
24063,chr11,2156182,2156799
24076,chr11,2183608,2183964
24079,chr11,2190982,2191330
24080,chr11,2192934,2193393
24090,chr11,2291160,2291447
24091,chr11,2291552,2291854
24112,chr11,2444362,2445542
24116,chr11,2470869,2471197
24119,chr11,2542284,2542962
24123,chr11,2560541,2560964
24124,chr11,2562210,2562747
24128,chr11,2593757,2594253
24130,chr11,2596200,2596706
24132,chr11,2602826,2603111
24134,chr11,2610480,2610841
24135,chr11,2612681,2612976
24138,chr11,2772659,2772952
24140,chr11,2817822,2818228
24151,chr11,2905272,2905654
24177,chr11,3141565,3141976
24180,chr11,3173768,3174228
24188,chr11,3239118,3239609
24189,chr11,3239853,3240499
24190,chr11,3245991,3246480
24191,chr11,3253481,3254604
24195,chr11,3600910,3601314
24239,chr11,6291779,6292051
24265,chr11,7695065,7695628
24267,chr11,7870138,7870658
24268,chr11,7984873,7985326
24281,chr11,8337283,8337568
24333,chr11,12029988,12031608
24338,chr11,13030209,13030976
24343,chr11,13690005,13690294
24362,chr11,15135959,15136788
24384,chr11,17373003,17373402
24422,chr11,18978057,18978491
24446,chr11,20617837,20618499
24464,chr11,23426925,23427324
24465,chr11,23751901,23752569
24501,chr11,31825505,31826069
24509,chr11,31845048,31845739
24510,chr11,31846314,31846949
24513,chr11,32008559,32009263
24598,chr11,43602745,43603065
24655,chr11,45743499,45743871
24738,chr11,49914885,49915471
24739,chr11,50206430,50206706
24740,chr11,50219852,50220207
24741,chr11,50220243,50220526
24742,chr11,50226979,50227365
24743,chr11,50237909,50238314
24747,chr11,55652980,55653410
24750,chr11,56099555,56100068
24778,chr11,57958083,57958433
24779,chr11,57995532,57996071
24780,chr11,57996269,57996799
24803,chr11,59323218,59323775
24816,chr11,59665548,59665886
24819,chr11,60282612,60283072
24820,chr11,60382823,60383461
24821,chr11,60414515,60415211
24886,chr11,61957595,61957888
24962,chr11,63828469,63828862
25399,chr11,68920334,68920871
25401,chr11,68970529,68970915
25402,chr11,68973107,68973510
25408,chr11,69258103,69258577
25425,chr11,69516839,69517571
25426,chr11,69517741,69518297
25427,chr11,69518445,69518873
25597,chr11,73693692,73694257
25645,chr11,76371832,76372228
25669,chr11,77122739,77123147
25692,chr11,78380499,78380918
25708,chr11,82443336,82443714
25750,chr11,87908458,87909038
25760,chr11,92599842,92600338
25766,chr11,93063416,93064334
25785,chr11,94278224,94278703
25795,chr11,94883142,94883616
25806,chr11,98437755,98438085
25831,chr11,103908155,103908676
25843,chr11,106698462,106698794
25896,chr11,111410835,111411481
25918,chr11,112916005,112916350
25946,chr11,114493610,114493926
25954,chr11,115530832,115531399
25960,chr11,116371088,116371587
25961,chr11,116450819,116451276
25962,chr11,116451337,116451888
25986,chr11,117376138,117376431
25990,chr11,117651117,117651524
26016,chr11,118402180,118402640
26068,chr11,119970326,119970604
26070,chr11,119994622,119994977
26099,chr11,121665483,121665936
26108,chr11,122756670,122757065
26135,chr11,124310839,124311523
26164,chr11,125105956,125106235
26177,chr11,125774211,125774547
26193,chr11,126453581,126453843
26196,chr11,126763332,126763587
26212,chr11,128680233,128680590
26217,chr11,128746114,128746538
26231,chr11,129306630,129306981
26266,chr11,130416757,130417268
26271,chr11,131506238,131506639
26275,chr11,131707551,131707828
26277,chr11,131799542,131799801
26278,chr11,132107319,132107799
26279,chr11,132177505,132177793
26284,chr11,132912105,132912468
26289,chr11,133232354,133232757
26290,chr11,133232827,133233300
26294,chr11,133734366,133734613
26295,chr11,133734715,133735124
26296,chr11,133777731,133778081
26299,chr11,133804426,133805157
26300,chr11,133805447,133805704
26301,chr11,133815922,133816342
26327,chr11,134201852,134202093
26328,chr11,134215965,134216320
26329,chr11,134228127,134228470
26331,chr11,134237695,134237990
26393,chr12,1937777,1938256
26395,chr12,1943622,1943989
26396,chr12,1948335,1948748
26397,chr12,1973108,1973552
26409,chr12,2224310,2224855
26411,chr12,2613603,2614048
26413,chr12,2742938,2743339
26414,chr12,2760799,2761191
26415,chr12,2761264,2761649
26416,chr12,2762589,2762940
26417,chr12,2788527,2788947
26445,chr12,3565576,3565846
26451,chr12,3702304,3702767
26461,chr12,4399258,4399581
26462,chr12,4405369,4405684
26468,chr12,4554195,4555071
26477,chr12,4923304,4923629
26484,chr12,5603031,5603361
26591,chr12,7863753,7864222
26592,chr12,7865552,7865951
26595,chr12,8025294,8025746
26599,chr12,8171363,8171786
26607,chr12,8373853,8374306
26615,chr12,8757807,8758178
26620,chr12,8995457,8996065
26634,chr12,10251436,10251738
26685,chr12,14109414,14109684
26713,chr12,16757854,16758367
26731,chr12,21809873,21811134
26751,chr12,25055867,25056343
26753,chr12,25150302,25150726
26829,chr12,33205602,33205962
26866,chr12,41967176,41967559
26877,chr12,43030849,43031129
26887,chr12,45458985,45459367
26919,chr12,48206683,48207163
26937,chr12,48722890,48723460
26943,chr12,48921675,48922150
27009,chr12,50426431,50427195
27075,chr12,52828103,52828733
27078,chr12,52913937,52914509
27085,chr12,53170809,53171291
27088,chr12,53242633,53243158
27127,chr12,54089140,54089597
27173,chr12,54423328,54423666
27351,chr12,63397123,63397479
27370,chr12,65515176,65515570
27379,chr12,66582929,66583531
27383,chr12,67197751,67198084
27389,chr12,68647180,68647690
27434,chr12,74686182,74686530
27435,chr12,74687707,74688100
27465,chr12,81102386,81102849
27466,chr12,81107890,81108134
27535,chr12,95941769,95942088
27536,chr12,95942661,95943214
27569,chr12,99548229,99548650
27571,chr12,100041583,100042084
27605,chr12,103355023,103355426
27608,chr12,103696026,103696481
27625,chr12,104697093,104697731
27634,chr12,105477426,105477794
27639,chr12,105956297,105956578
27681,chr12,108603843,108604121
27691,chr12,109162290,109162848
27820,chr12,113916238,113916764
27909,chr12,117768654,117769081
27979,chr12,121104709,121105009
28050,chr12,122667338,122667749
28102,chr12,124246291,124246625
28103,chr12,124246819,124247323
28105,chr12,124272166,124272533
28109,chr12,124409584,124409904
28121,chr12,124788527,124788914
28122,chr12,124798715,124799111
28189,chr12,125533943,125534384
28203,chr12,126675857,126676239
28208,chr12,127765095,127765727
28211,chr12,128245297,128245900
28212,chr12,128318017,128318341
28215,chr12,128796090,128796524
28218,chr12,128866568,128866835
28219,chr12,128899635,128900017
28220,chr12,129028486,129028833
28221,chr12,129127868,129128118
28236,chr12,129822065,129822359
28237,chr12,130184491,130185116
28238,chr12,130315915,130316158
28241,chr12,130411104,130411434
28242,chr12,130420504,130420766
28243,chr12,130494500,130494797
28244,chr12,130501416,130501858
28248,chr12,130554877,130555191
28251,chr12,130590037,130590394
28253,chr12,130599493,130599829
28259,chr12,130670647,130670911
28260,chr12,130680407,130680712
28263,chr12,130711326,130711811
28271,chr12,130906916,130907160
28272,chr12,130914191,130914444
28273,chr12,130918414,130919094
28274,chr12,130919118,130919423
28275,chr12,130921399,130921961
28276,chr12,130922901,130923260
28277,chr12,130925081,130925582
28280,chr12,130935696,130936455
28282,chr12,130937199,130937465
28283,chr12,130940934,130941406
28285,chr12,130957985,130958440
28286,chr12,130958553,130958890
28287,chr12,130961324,130962086
28289,chr12,131030085,131030359
28290,chr12,131056892,131057192
28291,chr12,131061175,131061474
28293,chr12,131095906,131096356
28297,chr12,131164321,131164600
28298,chr12,131187905,131188347
28299,chr12,131193858,131194279
28313,chr12,131303378,131303874
28320,chr12,131417843,131418504
28355,chr12,131872063,131872491
28357,chr12,131943448,131943860
28358,chr12,131978610,131979166
28359,chr12,132076233,132076730
28361,chr12,132101818,132102288
28365,chr12,132163418,132163736
28442,chr12,132677396,132677920
28443,chr12,132680633,132681072
28444,chr12,132681297,132681741
28447,chr12,132686812,132687272
28448,chr12,132687517,132687829
28450,chr12,132695935,132696292
28451,chr12,132698253,132698886
28456,chr12,132834152,132834567
28458,chr12,132835734,132836093
28459,chr12,132837312,132837779
28460,chr12,132839025,132839536
28461,chr12,132840293,132840686
28471,chr12,132865082,132865574
28473,chr12,132870278,132870548
28477,chr12,132886202,132886629
28478,chr12,132895246,132895643
28479,chr12,132896099,132897039
28480,chr12,132900174,132901188
28481,chr12,132901574,132901900
28485,chr12,132910356,132910901
28486,chr12,132918046,132918545
28488,chr12,132923239,132923703
28489,chr12,132924118,132924616
28490,chr12,132928695,132929025
28495,chr12,132965779,132966138
28497,chr12,132972509,132973040
28503,chr12,132982131,132982583
28509,chr12,133010584,133011046
28511,chr12,133015283,133015734
28513,chr12,133018635,133019235
28514,chr12,133019754,133020130
28517,chr12,133022323,133023055
28519,chr12,133028478,133029005
28522,chr12,133065624,133066169
28547,chr12,133194961,133195296
28605,chr12,133481290,133481620
28607,chr12,133485591,133485956
28625,chr13,19755800,19756418
28643,chr13,20735719,20736442
28666,chr13,21520103,21520619
28686,chr13,22298402,22299027
28688,chr13,22493639,22494030
28690,chr13,23270585,23270950
28691,chr13,23309674,23310030
28692,chr13,23310088,23310325
28696,chr13,23422646,23422950
28697,chr13,23471664,23472068
28730,chr13,25292727,25293049
28732,chr13,25338013,25338490
28735,chr13,25506031,25506483
28746,chr13,26620512,26621052
28801,chr13,29158052,29158491
28808,chr13,29913835,29914300
28812,chr13,30056212,30056554
28836,chr13,31579187,31579500
28870,chr13,36788567,36789125
28883,chr13,37453329,37454123
28889,chr13,37679473,37680078
28925,chr13,42031003,42031391
28951,chr13,45149928,45150362
28965,chr13,46287619,46287962
29021,chr13,50706483,50707165
29053,chr13,53419496,53419829
29057,chr13,53507872,53508192
29077,chr13,65532173,65532681
29083,chr13,69459433,69460013
29088,chr13,71498222,71498739
29125,chr13,79177367,79178025
29142,chr13,82263929,82264323
29145,chr13,84480572,84480936
29152,chr13,88324332,88324979
29158,chr13,91826785,91827142
29185,chr13,96205797,96206204
29250,chr13,100621282,100621797
29253,chr13,100626895,100627466
29254,chr13,100630070,100630530
29256,chr13,100637013,100637358
29257,chr13,100641143,100641509
29258,chr13,100641546,100642206
29275,chr13,101910644,101910957
29299,chr13,107027391,107027818
29300,chr13,107029173,107029543
29301,chr13,107132240,107132558
29305,chr13,107187077,107187512
29306,chr13,107188156,107188714
29309,chr13,107354173,107354496
29311,chr13,107354803,107355093
29315,chr13,107686874,107687265
29316,chr13,107865274,107865519
29320,chr13,108866893,108867254
29326,chr13,109318235,109318532
29342,chr13,110804609,110804876
29346,chr13,110918231,110918783
29356,chr13,111077042,111077357
29359,chr13,111090569,111090998
29392,chr13,111522551,111523085
29398,chr13,111642343,111642760
29404,chr13,111747837,111748183
29418,chr13,112062552,112062982
29420,chr13,112144669,112145001
29421,chr13,112160866,112161395
29422,chr13,112164601,112165065
29423,chr13,112172144,112172540
29444,chr13,112335676,112336127
29446,chr13,112517308,112517728
29449,chr13,112550260,112550554
29453,chr13,112572221,112572659
29454,chr13,112574914,112575476
29455,chr13,112599392,112599765
29457,chr13,112610182,112610418
29458,chr13,112610581,112611128
29459,chr13,112611157,112611455
29460,chr13,112620127,112620413
29461,chr13,112624588,112624891
29466,chr13,112652338,112652766
29469,chr13,112679545,112680065
29470,chr13,112690469,112690916
29471,chr13,112692019,112692482
29490,chr13,112815766,112816061
29510,chr13,112980549,112980803
29514,chr13,112996246,112996688
29518,chr13,113095618,113095939
29537,chr13,113292575,113293051
29687,chr13,114065569,114066174
29690,chr13,114075419,114075770
29774,chr13,114837493,114837907
29802,chr13,114930157,114930537
29861,chr14,22975148,22975621
29875,chr14,23355959,23356470
29884,chr14,23510834,23511406
29899,chr14,23815698,23816209
29904,chr14,23887230,23887610
30013,chr14,36003641,36003926
30214,chr14,61121951,61122427
30216,chr14,61187977,61188531
30234,chr14,62523476,62523885
30263,chr14,65016417,65016902
30264,chr14,65068404,65068735
30324,chr14,70038617,70039049
30336,chr14,70653619,70654064
30401,chr14,74892886,74893283
30444,chr14,76837328,76837858
30447,chr14,76957597,76958044
30449,chr14,77227445,77227745
30462,chr14,77732183,77732741
30483,chr14,79111412,79111819
30503,chr14,86088394,86088796
30585,chr14,93389372,93389657
30604,chr14,94004316,94004656
30605,chr14,94088074,94088704
30610,chr14,94393397,94393916
30638,chr14,95357941,95358261
30669,chr14,97091802,97092305
30672,chr14,97430988,97431467
30676,chr14,98012717,98013158
30682,chr14,99655493,99655847
30712,chr14,100632804,100633129
30731,chr14,101157815,101158351
30735,chr14,101198581,101198911
30737,chr14,101235771,101236170
30738,chr14,101244273,101244706
30744,chr14,101335029,101335486
30745,chr14,101341178,101341649
30746,chr14,101346944,101347458
30747,chr14,101347935,101348336
30749,chr14,101349020,101349473
30751,chr14,101350545,101351297
30752,chr14,101359693,101360336
30753,chr14,101405487,101405942
30759,chr14,101488245,101488588
30760,chr14,101489315,101489881
30761,chr14,101489885,101490353
30762,chr14,101491277,101492506
30763,chr14,101495504,101496129
30764,chr14,101497483,101497860
30765,chr14,101498106,101498443
30766,chr14,101499793,101500225
30769,chr14,101509044,101509491
30770,chr14,101510276,101510684
30771,chr14,101511043,101511525
30772,chr14,101512492,101512926
30775,chr14,101518420,101518915
30776,chr14,101519978,101520762
30777,chr14,101521309,101521909
30778,chr14,101525684,101526240
30779,chr14,101526385,101527244
30780,chr14,101528023,101528771
30781,chr14,101530243,101530956
30782,chr14,101531303,101532452
30783,chr14,101532786,101533227
30784,chr14,101539355,101539712
30796,chr14,102050390,102050915
30799,chr14,102101451,102101760
30805,chr14,102247802,102248353
30878,chr14,103739756,103740185
30921,chr14,104621767,104622228
30922,chr14,104623377,104623751
30924,chr14,104630412,104630773
30925,chr14,104636533,104637313
30926,chr14,104639480,104639990
30934,chr14,104668672,104669021
30938,chr14,104695994,104696487
30939,chr14,104734172,104734575
30945,chr14,104800345,104800846
30946,chr14,104800850,104801202
30949,chr14,104837263,104837650
30951,chr14,104854611,104855074
30952,chr14,104888811,104889216
30954,chr14,104917057,104917495
30956,chr14,104940129,104940758
30957,chr14,104979272,104979886
30960,chr14,105036274,105036633
30961,chr14,105041282,105041808
30962,chr14,105044884,105045447
30964,chr14,105054840,105055271
30966,chr14,105102877,105103175
31042,chr14,105830148,105830959
31071,chr14,106064314,106064738
31072,chr14,106066404,106067301
31073,chr14,106090624,106090901
31076,chr14,106095391,106095896
31077,chr14,106173475,106173879
31078,chr14,106174260,106174768
31080,chr14,106235426,106235836
31081,chr14,106306730,106307130
31082,chr14,106320410,106320848
31083,chr14,106321451,106322036
31085,chr14,106410528,106410834
31086,chr14,106436601,106436887
31087,chr14,106438365,106438735
31088,chr14,106444583,106445260
31094,chr14,106938134,106938721
31096,chr14,107221094,107221445
31098,chr15,20279336,20279697
31099,chr15,20373440,20373767
31129,chr15,23810063,23810478
31130,chr15,23810552,23810961
31138,chr15,24920240,24920731
31166,chr15,25425226,25425715
31171,chr15,25432136,25432421
31195,chr15,25841731,25842211
31196,chr15,25903757,25904030
31197,chr15,25953184,25953614
31198,chr15,25958778,25959339
31200,chr15,25972228,25972574
31201,chr15,25980927,25981491
31202,chr15,26026052,26026514
31204,chr15,26047282,26047753
31208,chr15,26234498,26234933
31211,chr15,26869477,26869767
31219,chr15,27493972,27494482
31223,chr15,28050047,28050723
31243,chr15,29405926,29406253
31245,chr15,29409310,29409853
31246,chr15,29410027,29410345
31248,chr15,29428414,29428838
31249,chr15,29431353,29431673
31251,chr15,29499126,29499626
31288,chr15,32933561,32934285
31340,chr15,37390076,37390426
31434,chr15,41952135,41952927
31485,chr15,44281263,44281704
31504,chr15,45421478,45422195
31522,chr15,45996240,45996887
31528,chr15,48412940,48413444
31589,chr15,53083418,53083687
31602,chr15,55880794,55881346
31626,chr15,58357774,58358089
31633,chr15,59156778,59157223
31652,chr15,60295058,60295412
31654,chr15,60296709,60297096
31666,chr15,62457356,62457781
31721,chr15,65360266,65360586
31781,chr15,68260224,68260809
31787,chr15,68624613,68624979
31799,chr15,69323776,69324256
31843,chr15,72612456,72613129
31855,chr15,73734998,73735794
31875,chr15,74467332,74467991
31950,chr15,76627494,76627888
31956,chr15,76635257,76635738
31969,chr15,77988406,77988941
31983,chr15,78556734,78557194
31992,chr15,78894182,78894583
32013,chr15,79471292,79471686
32051,chr15,83331341,83331686
32053,chr15,83360863,83361271
32067,chr15,83776169,83776546
32069,chr15,83875437,83875803
32078,chr15,84115333,84115629
32104,chr15,87667290,87667652
32116,chr15,89154900,89155173
32126,chr15,89386641,89386909
32127,chr15,89421143,89421447
32132,chr15,89533460,89533707
32153,chr15,89952804,89953133
32211,chr15,91839849,91840407
32219,chr15,92944564,92944856
32220,chr15,93126747,93127180
32233,chr15,93587878,93588428
32235,chr15,93609205,93609651
32239,chr15,93617733,93618128
32245,chr15,93956888,93957212
32247,chr15,93974064,93974559
32248,chr15,94346717,94346987
32254,chr15,95399928,95400259
32276,chr15,97311828,97312255
32292,chr15,99193829,99194272
32294,chr15,99250340,99250627
32295,chr15,99250695,99251107
32300,chr15,99434533,99435012
32301,chr15,99443113,99443439
32302,chr15,99504013,99504458
32303,chr15,99512600,99512942
32344,chr15,101200175,101200526
32353,chr15,101591903,101592251
32354,chr15,101593241,101593931
32355,chr15,101600996,101601280
32359,chr15,101690079,101690328
32405,chr16,331627,331992
32486,chr16,798178,798601
32492,chr16,832583,833350
32503,chr16,875157,875726
32504,chr16,875781,876316
32505,chr16,882646,883025
32508,chr16,891160,891500
32539,chr16,1026660,1027044
32542,chr16,1040273,1040678
32545,chr16,1056694,1057152
32550,chr16,1077497,1077861
32551,chr16,1080288,1080908
32554,chr16,1100452,1100947
32556,chr16,1110744,1111320
32570,chr16,1171261,1171703
32596,chr16,1257707,1257984
32598,chr16,1289958,1290455
32604,chr16,1310484,1311005
32605,chr16,1331395,1331709
32706,chr16,1922049,1922677
32725,chr16,2041726,2042203
32767,chr16,2334063,2334446
32794,chr16,2765520,2766000
32846,chr16,3209966,3210457
32860,chr16,3345363,3345746
32899,chr16,4103061,4103325
32963,chr16,6623895,6624393
32965,chr16,7615416,7615668
33138,chr16,22926247,22926725
33145,chr16,23197469,23197840
33161,chr16,24372619,24373030
33175,chr16,26044041,26044340
33192,chr16,27829628,27829901
33258,chr16,29888471,29888833
33286,chr16,30205946,30206176
33292,chr16,30388814,30389331
33403,chr16,33730439,33730820
33413,chr16,34407615,34408114
33434,chr16,47177967,47178459
33447,chr16,49440906,49441400
33448,chr16,49448578,49448982
33508,chr16,54324087,54324458
33509,chr16,54324915,54325419
33514,chr16,54611464,54611822
33519,chr16,54970202,54970623
33632,chr16,59788851,59789319
33636,chr16,65105416,65105814
33647,chr16,66612855,66613682
33743,chr16,68480949,68481643
33750,chr16,68676351,68676906
33877,chr16,76268943,76269509
33891,chr16,78082479,78082881
33899,chr16,79623518,79624000
33973,chr16,84251868,84252313
33974,chr16,84255936,84256437
33975,chr16,84270322,84270822
33978,chr16,84335942,84336230
33979,chr16,84341223,84341464
33983,chr16,84486604,84487178
33987,chr16,84599775,84600568
34090,chr16,86121212,86121674
34091,chr16,86184835,86185438
34099,chr16,86337562,86337923
34103,chr16,86421696,86422132
34128,chr16,86714436,86715654
34133,chr16,86929933,86930436
34135,chr16,86952919,86953483
34137,chr16,86994849,86995181
34142,chr16,87090849,87091401
34143,chr16,87099857,87100329
34144,chr16,87101434,87101821
34145,chr16,87101831,87102263
34175,chr16,87638280,87638642
34178,chr16,87682436,87682774
34179,chr16,87702435,87702803
34180,chr16,87703264,87703676
34181,chr16,87719046,87719333
34237,chr16,88133138,88133574
34239,chr16,88137287,88137797
34245,chr16,88166606,88167005
34247,chr16,88233889,88234266
34248,chr16,88236526,88236900
34251,chr16,88294346,88294792
34253,chr16,88330616,88331053
34254,chr16,88349624,88349981
34256,chr16,88361548,88362255
34258,chr16,88378320,88378587
34259,chr16,88379333,88379739
34262,chr16,88441051,88441446
34267,chr16,88459256,88459814
34268,chr16,88479215,88479646
34270,chr16,88485329,88485756
34338,chr16,88945518,88945994
34343,chr16,88966129,88966609
34346,chr16,88974740,88975359
34354,chr16,88994092,88994475
34362,chr16,89027915,89028411
34378,chr16,89146861,89147406
34379,chr16,89151673,89152129
34380,chr16,89152189,89152543
34531,chr17,290917,291351
34533,chr17,292048,292341
34534,chr17,292716,293171
34565,chr17,746915,747596
34572,chr17,799984,800612
34574,chr17,805369,805676
34586,chr17,915534,916078
34587,chr17,916172,916609
34588,chr17,923628,923929
34589,chr17,926164,926538
34592,chr17,932947,933279
34595,chr17,951971,952354
34598,chr17,973084,973505
34601,chr17,997100,997582
34603,chr17,1028573,1029031
34606,chr17,1057243,1057641
34608,chr17,1063917,1064310
34612,chr17,1094199,1094655
34710,chr17,2797864,2798427
34750,chr17,3658405,3658862
34795,chr17,4500042,4500499
34833,chr17,5000703,5001147
34834,chr17,5019210,5020089
34853,chr17,6023575,6024117
34865,chr17,6679154,6679881
34871,chr17,6898985,6899988
34972,chr17,7689394,7689733
34974,chr17,7701446,7701736
34995,chr17,7909676,7910140
35052,chr17,8661674,8662111
35061,chr17,8905641,8905966
35076,chr17,9674717,9675312
35077,chr17,9676026,9676343
35078,chr17,9694372,9695237
35080,chr17,9802683,9802960
35082,chr17,9808022,9808363
35083,chr17,9808500,9808924
35084,chr17,9821199,9821652
35087,chr17,9939904,9940421
35088,chr17,9967317,9967599
35100,chr17,11461003,11461416
35106,chr17,12452958,12453377
35108,chr17,12567773,12568192
35206,chr17,18056979,18057315
35250,chr17,19483267,19483821
35255,chr17,19647873,19648514
35270,chr17,20688383,20688801
35307,chr17,21911262,21911591
35314,chr17,25308730,25309567
35357,chr17,27044529,27044845
35390,chr17,27918107,27918438
35404,chr17,28902552,28903105
35416,chr17,29298048,29298452
35548,chr17,36499651,36499945
35665,chr17,38928224,38928655
35676,chr17,39471638,39472598
35677,chr17,39506838,39507361
35685,chr17,39728121,39728728
35687,chr17,39742865,39743527
35688,chr17,39768912,39769313
35689,chr17,39780955,39781230
35789,chr17,41363402,41364221
35860,chr17,42402638,42403252
35869,chr17,42733427,42733829
35875,chr17,42882727,42883150
35883,chr17,43037014,43037527
35886,chr17,43046175,43046471
35887,chr17,43047305,43048071
35909,chr17,43338940,43339931
35922,chr17,43922022,43922523
35923,chr17,43922700,43923127
35987,chr17,46522364,46522660
36058,chr17,47271033,47271285
36105,chr17,48266962,48267339
36116,chr17,48545705,48546720
36130,chr17,48680310,48680654
36153,chr17,49462627,49462937
36157,chr17,51899737,51900338
36240,chr17,58216197,58216751
36255,chr17,59478853,59479170
36256,chr17,59480574,59481380
36260,chr17,59529216,59529718
36270,chr17,60215242,60215749
36279,chr17,60827102,60827625
36284,chr17,61498714,61499348
36311,chr17,62018249,62018523
36313,chr17,62045422,62045732
36315,chr17,62051609,62051873
36333,chr17,62777548,62777877
36349,chr17,63624467,63624798
36394,chr17,68128654,68129023
36416,chr17,71419546,71419863
36417,chr17,71419961,71420261
36418,chr17,71431540,71431977
36419,chr17,71433903,71434242
36421,chr17,71548460,71548961
36428,chr17,72110128,72110457
36429,chr17,72129855,72130276
36435,chr17,72244142,72244569
36436,chr17,72258064,72258331
36437,chr17,72269845,72270301
36438,chr17,72277923,72278202
36445,chr17,72355895,72356354
36452,chr17,72442828,72443279
36457,chr17,72619681,72620374
36473,chr17,72937546,72938073
36583,chr17,74533745,74534190
36605,chr17,74878201,74878520
36606,chr17,74884368,74884613
36607,chr17,74908499,74908900
36609,chr17,74913569,74913981
36610,chr17,74928452,74928963
36611,chr17,74944675,74945070
36624,chr17,75237070,75237650
36626,chr17,75238603,75239048
36639,chr17,75368650,75369328
36655,chr17,75556944,75557365
36657,chr17,75875437,75875895
36659,chr17,75905264,75905716
36692,chr17,76446678,76446951
36694,chr17,76454884,76455369
36697,chr17,76464587,76464884
36698,chr17,76472254,76472561
36699,chr17,76482253,76482556
36700,chr17,76497768,76498059
36701,chr17,76498708,76499112
36702,chr17,76501281,76501682
36703,chr17,76503426,76503743
36704,chr17,76506389,76506955
36705,chr17,76520975,76521302
36707,chr17,76564872,76565332
36708,chr17,76570662,76571221
36709,chr17,76573301,76573674
36711,chr17,76617864,76618129
36712,chr17,76618368,76618818
36713,chr17,76640990,76641596
36714,chr17,76641612,76642049
36725,chr17,76848930,76849281
36727,chr17,76851738,76852062
36728,chr17,76866548,76867018
36753,chr17,77043071,77043346
36761,chr17,77127326,77127705
36764,chr17,77147157,77147496
36766,chr17,77174020,77174390
36767,chr17,77193908,77194359
36768,chr17,77207030,77207524
36771,chr17,77302062,77302451
36774,chr17,77373468,77373827
36775,chr17,77375361,77375942
36776,chr17,77385999,77386480
36777,chr17,77393829,77394258
36782,chr17,77536213,77536545
36783,chr17,77536641,77537186
36784,chr17,77539324,77539854
36786,chr17,77669081,77669322
36885,chr17,78442557,78442927
36886,chr17,78444248,78444861
36987,chr17,79122143,79122555
36990,chr17,79131793,79132183
37025,chr17,79354602,79354966
37120,chr17,79936377,79936661
37267,chr17,80796593,80796843
37327,chr17,81015841,81016394
37335,chr17,81033284,81033840
37339,chr17,81043445,81043882
37397,chr18,6920524,6920973
37419,chr18,10414255,10414656
37420,chr18,10471557,10471966
37424,chr18,10726418,10726963
37441,chr18,12407463,12407912
37442,chr18,12432847,12433331
37443,chr18,12433996,12434518
37462,chr18,13826156,13826771
37505,chr18,21719163,21719668
37552,chr18,32847151,32847889
37558,chr18,33484737,33485181
37594,chr18,44098928,44099440
37595,chr18,44140311,44140674
37597,chr18,44237519,44237901
37598,chr18,44259687,44260191
37607,chr18,44773885,44774154
37660,chr18,53447460,53447696
37664,chr18,54788869,54789293
37666,chr18,55019521,55019943
37681,chr18,55862477,55862972
37714,chr18,60985536,60985832
37730,chr18,61816988,61817420
37760,chr18,73139432,73139842
37792,chr18,75380133,75380614
37793,chr18,75402182,75402630
37795,chr18,75690465,75690955
37798,chr18,76073175,76073657
37799,chr18,76123513,76123932
37800,chr18,76160008,76160543
37801,chr18,76189709,76190131
37802,chr18,76190581,76190911
37804,chr18,76277363,76277699
37806,chr18,76463264,76463755
37807,chr18,76552601,76553071
37808,chr18,76601547,76602052
37809,chr18,76639219,76639579
37810,chr18,76693854,76694274
37811,chr18,76725199,76725595
37812,chr18,76739126,76739659
37813,chr18,76739988,76740384
37815,chr18,76782468,76782995
37822,chr18,77193364,77193859
37824,chr18,77203271,77203767
37825,chr18,77208707,77209091
37827,chr18,77219140,77219595
37828,chr18,77221837,77222210
37829,chr18,77230384,77230895
37830,chr18,77240430,77240740
37834,chr18,77313727,77314133
37836,chr18,77319083,77319457
37837,chr18,77336030,77336367
37838,chr18,77338977,77339388
37840,chr18,77409994,77410284
37956,chr19,1003248,1003722
38028,chr19,1466908,1467132
38029,chr19,1467821,1468079
38154,chr19,2650627,2650963
38198,chr19,3285873,3286344
38230,chr19,3687651,3688276
38242,chr19,3820995,3821459
38244,chr19,3825041,3825730
38245,chr19,3831546,3831959
38249,chr19,3879587,3879958
38273,chr19,4304073,4304677
38294,chr19,4531538,4532061
38346,chr19,5250276,5250755
38348,chr19,5334879,5335360
38416,chr19,6740712,6741281
38465,chr19,7927107,7927654
38523,chr19,9473465,9473980
38673,chr19,12202929,12203449
38678,chr19,12306036,12306597
38693,chr19,12758934,12759256
38724,chr19,12978155,12978483
38725,chr19,12978511,12978905
38754,chr19,13365823,13366201
38755,chr19,13397319,13397850
38811,chr19,14671271,14671612
38818,chr19,15051836,15052382
38819,chr19,15083516,15084016
38829,chr19,15252170,15252540
38834,chr19,15342649,15343525
38835,chr19,15343946,15344464
38850,chr19,15580210,15580545
38856,chr19,15838656,15839106
38885,chr19,16918359,16918768
38890,chr19,17008550,17008951
38919,chr19,17571428,17571988
38988,chr19,18548745,18549374
39050,chr19,19651767,19652166
39053,chr19,19738960,19739514
39064,chr19,20011936,20012589
39118,chr19,29583895,29584296
39134,chr19,30941758,30942196
39136,chr19,31640094,31640501
39137,chr19,31640542,31640949
39144,chr19,32252436,32252809
39177,chr19,34263805,34264211
39228,chr19,35981124,35981777
39229,chr19,35992691,35993084
39237,chr19,36048657,36049223
39326,chr19,38182673,38183556
39331,chr19,38307957,38308558
39339,chr19,38746979,38747478
39340,chr19,38754429,38755430
39357,chr19,38973840,38974217
39358,chr19,38976153,38976565
39359,chr19,38990164,38990508
39430,chr19,40871457,40871923
39444,chr19,41018657,41018980
39473,chr19,41316597,41317167
39477,chr19,41595875,41596166
39516,chr19,42509701,42510193
39517,chr19,42546548,42546831
39550,chr19,43270904,43271212
39551,chr19,43423015,43423365
39557,chr19,43918271,43918565
39558,chr19,43918768,43919139
39559,chr19,43969550,43970134
39580,chr19,44285840,44286176
39699,chr19,46504028,46504512
39787,chr19,48837172,48837698
39814,chr19,49127227,49127760
39931,chr19,50553582,50554167
39932,chr19,50554180,50554610
39935,chr19,50666138,50666652
39962,chr19,51128476,51128870
39969,chr19,51219875,51220637
39978,chr19,51326880,51327577
39981,chr19,51411637,51412040
39990,chr19,51529746,51530099
40008,chr19,51917647,51918018
40019,chr19,52207169,52207453
40020,chr19,52207492,52207892
40022,chr19,52227867,52228148
40028,chr19,52452217,52452628
40050,chr19,53141520,53141893
40061,chr19,53561286,53561663
40068,chr19,53794392,53795075
40093,chr19,54224274,54224809
40097,chr19,54254288,54254659
40098,chr19,54271598,54272058
40099,chr19,54290637,54291294
40102,chr19,54369336,54369781
40136,chr19,54850317,54850745
40146,chr19,55013449,55014166
40147,chr19,55038163,55038576
40155,chr19,55417261,55417747
40156,chr19,55458630,55459382
40159,chr19,55493830,55494175
40222,chr19,56369316,56369702
40224,chr19,56510733,56511249
40251,chr19,57306531,57307181
40262,chr19,57683587,57683985
40286,chr19,58220195,58220937
40295,chr19,58399765,58400674
40300,chr19,58520747,58521373
40301,chr19,58544901,58545433
40302,chr19,58545442,58545937
40360,chr20,327507,327911
40379,chr20,824950,825898
40397,chr20,1716170,1716732
40399,chr20,1784176,1784465
40416,chr20,2516985,2517331
40448,chr20,3220465,3221085
40476,chr20,4702281,4702681
40489,chr20,5282736,5283122
40491,chr20,5450826,5451130
40492,chr20,5451561,5452000
40572,chr20,21377945,21378378
40614,chr20,25129026,25129662
40625,chr20,26190228,26190454
40631,chr20,30027962,30028518
40657,chr20,30584359,30584810
40663,chr20,30778199,30778499
40675,chr20,31619320,31619747
40740,chr20,34995178,34995617
40828,chr20,42544548,42544894
40914,chr20,46579664,46580083
40955,chr20,49620266,49620779
40968,chr20,50721029,50721466
40977,chr20,52789856,52790241
40993,chr20,55100781,55101189
41002,chr20,55904014,55904464
41012,chr20,56239490,56239806
41015,chr20,56286291,56286832
41016,chr20,56286904,56287298
41028,chr20,57331135,57331660
41034,chr20,57428182,57428573
41048,chr20,57765715,57766171
41049,chr20,57766232,57766674
41054,chr20,58508788,58509043
41060,chr20,60119408,60119764
41062,chr20,60448676,60449151
41063,chr20,60469981,60470367
41064,chr20,60501922,60502348
41066,chr20,60511659,60512194
41100,chr20,61041174,61041865
41106,chr20,61150372,61150737
41107,chr20,61151291,61151580
41108,chr20,61160896,61161332
41109,chr20,61161900,61162316
41110,chr20,61196800,61197201
41114,chr20,61289839,61290262
41116,chr20,61299006,61299290
41117,chr20,61314542,61314927
41138,chr20,61697116,61697509
41139,chr20,61717678,61718039
41140,chr20,61718752,61719288
41142,chr20,61754769,61755145
41149,chr20,61870591,61871167
41156,chr20,61951247,61951583
41158,chr20,61973841,61974265
41161,chr20,62002683,62003132
41162,chr20,62026163,62026563
41163,chr20,62037403,62037858
41164,chr20,62046170,62046682
41166,chr20,62059292,62059659
41167,chr20,62079538,62080011
41205,chr20,62433898,62434240
41230,chr20,62729626,62730157
41232,chr20,62737718,62738458
41234,chr20,62795241,62795946
41240,chr21,14981980,14982463
41245,chr21,15383554,15383899
41263,chr21,26734061,26734484
41264,chr21,26934097,26934782
41288,chr21,31970828,31971125
41376,chr21,38378306,38378734
41408,chr21,41027685,41028216
41411,chr21,41554581,41555030
41413,chr21,42519909,42520465
41416,chr21,42617744,42618119
41456,chr21,43786527,43787097
41540,chr21,46045942,46046462
41545,chr21,46169887,46170390
41595,chr21,47269527,47269977
41596,chr21,47286917,47287457
41597,chr21,47288338,47288821
41628,chr22,17082481,17082887
41630,chr22,17178485,17178851
41631,chr22,17489012,17489467
41635,chr22,17602461,17602781
41678,chr22,19511867,19512420
41691,chr22,19748677,19749025
41759,chr22,22874347,22874777
41795,chr22,24822950,24823241
41820,chr22,26829658,26830141
41858,chr22,29876106,29876634
41863,chr22,30115054,30115448
42023,chr22,38220909,38221287
42098,chr22,40045472,40045946
42104,chr22,40572954,40573304
42201,chr22,44708569,44709008
42212,chr22,45181917,45182458
42213,chr22,45312140,45312555
42237,chr22,46318665,46319113
42262,chr22,46932542,46932933
42278,chr22,48027541,48028021
42282,chr22,48955847,48956205
42286,chr22,49042272,49042700
42288,chr22,49138152,49138611
42290,chr22,49297724,49298025
42291,chr22,49376254,49376728
42292,chr22,49487243,49487634
42295,chr22,49697465,49697902
42297,chr22,49717282,49717921
42298,chr22,49764954,49765329
42299,chr22,49798491,49798850
42300,chr22,50008741,50009256
42313,chr22,50438256,50438601